PRL2,PLHA,TLHA,PRHA,TRHA,PTHA,PFNA,PLNA,PTSA,PSTA,PFPB,PVSB,PKAC,PACC,PMPC,PHED,PGID,TGID,POID,PSPD,PAGE,PBRE,PEYE,PTGH,PCPH,PLSH,PRSH,PCTH,PLTH,PRTH,PAGI,PSKI,PDPI,PPTI,PINJ,PTAK,PPBK,PRBK,PNEK,PFMK,PBTK,PTAL,PHCL,PUCL,PLEL,TLEL,PREL,TREL,PCOL,PROL,PLPL,PGSL,PTSL,PCYL,PHLM,PSTM,PHAN,PICN,PJEN,PTEN,PCON,PSBO,PVCO,PEGO,PFHO,PDRO,PTHP,PIMP,PJMP,PYRP,PSXP,PCAR,PTAR,PJER,PMOR,PKPR,PSTR,POVR,PAWR,PLWR,TLWR,PRWR,TRWR,PFAS,PMAS,PSBS,PFCS,PMCS,PFGS,PCHS,PFHS,PMHS,PVIS,PPOS,POPS,PLSS,PFTS,PMTS,PUTS,PVTS,PMUS,PHGT,PWGT,PCMT,PKRT,PYWT,PLHY,PJTY,PSTY,PFEx
45,1,0,1,0,25,Coleman,Shelton,100,92,0,3,17,84,2,4,0,15,0,69,23,0,1,83,0,0,0,24,0,0,50,2,63,1009,85,33,65,75,0,3,18,0,0,0,2,0,2,0,252,45,100,0,0,3,0,0,0,0,77,0,3,3,3,63,0,15,56,25,82,0,0,54,0,1,94,24,84,65,50,5,0,0,0,17,15,56,31,72,36,21,25,30,0,7,7,26,23,21,27,100,0,76,139,999,7,0,-31,0,0,216
45,0,0,0,0,17,Weston,Richburg,3444,86,0,660,18,78,2,4,1,15,1,67,27,0,0,69,0,2,2,54,0,0,54,2,11,1009,86,36,80,68,0,3,16,0,0,0,0,0,0,0,42,45,100,0,0,5,0,0,0,0,58,1,5,660,5,61,0,2,27,25,46,4,0,63,0,1,98,21,77,65,55,0,0,0,0,18,20,82,19,38,40,21,29,56,0,7,7,44,31,19,21,3444,0,76,134,999,23,4,-31,0,0,133
45,0,0,0,0,19,Mike,Person,39,79,0,0,13,76,2,4,2,15,2,63,30,0,0,83,0,0,0,40,0,0,65,2,47,1009,90,34,78,82,0,3,24,0,0,0,0,0,0,0,125,45,100,0,0,1,0,0,0,0,68,2,1,0,1,9,0,7,47,41,56,7,0,26,0,1,82,20,79,73,61,0,0,4,0,22,20,30,17,63,21,26,26,31,0,7,7,44,20,19,10,39,0,76,140,999,11,7,-31,0,0,437
45,4,0,4,0,26,Ahkello,Witherspoon,225,94,0,64,19,91,1,4,3,15,3,87,23,2,0,66,0,0,0,61,0,0,76,2,2,1009,84,45,31,30,0,1,48,0,0,0,0,0,0,0,41,45,100,1,0,3,0,0,0,0,23,2,4,64,4,85,0,3,41,25,75,1,0,58,0,1,89,16,68,68,60,0,0,2,0,2,8,78,7,20,3,37,3,28,0,16,16,22,8,15,11,225,0,75,35,999,68,1,-31,0,0,356
45,4,0,4,0,58,K'Waun,Williams,513,87,0,184,6,87,3,4,4,15,4,87,27,0,0,77,0,0,0,55,0,0,82,2,63,1009,85,67,18,27,0,0,65,0,0,0,8,0,0,0,166,45,100,0,0,3,0,0,0,0,24,2,4,184,4,56,0,15,56,38,93,4,0,60,0,1,65,20,69,74,64,0,0,3,0,14,12,55,7,16,9,16,6,18,0,16,16,18,0,21,6,513,0,69,24,999,56,4,-31,0,0,68
45,0,0,0,0,19,Richard,Sherman,1968,82,0,150,13,94,2,4,5,15,5,87,30,0,0,95,0,0,0,58,0,0,90,2,26,1009,88,43,30,26,0,0,34,0,0,0,0,0,0,0,200,45,100,2,0,3,0,0,0,0,25,2,3,150,3,58,0,5,12,15,70,7,0,45,0,1,59,25,56,63,47,0,0,0,0,4,32,64,1,18,2,18,17,13,0,16,16,19,6,5,10,1968,0,75,35,999,88,7,-31,0,0,440
45,2,0,2,0,65,D.J.,Reed,161,91,0,20,11,88,0,4,6,15,6,93,21,0,0,72,0,0,0,71,0,0,79,2,14,1009,84,43,23,39,0,8,70,0,0,0,8,0,8,0,96,45,100,0,0,4,0,0,0,0,40,2,4,20,4,83,0,5,30,32,93,0,0,63,0,1,90,12,66,71,49,0,0,0,0,8,15,86,2,29,6,14,12,20,0,16,16,41,5,24,9,161,0,69,28,999,87,0,-31,0,0,447
45,4,0,4,0,27,Emmanuel,Moseley,99,83,0,0,8,88,0,4,7,15,7,92,22,0,0,56,0,0,0,56,0,0,89,2,63,1009,94,43,29,49,0,0,48,0,0,0,7,0,7,0,211,45,100,0,0,3,0,0,0,0,41,2,3,0,3,60,0,15,12,21,90,0,0,51,0,1,92,23,66,66,46,0,0,0,0,5,8,71,0,15,8,12,8,37,0,16,16,39,0,5,27,99,0,71,24,999,43,0,-31,0,0,341
7,2,0,2,0,27,Tarvarus,McFadden,99,82,0,0,16,91,0,4,8,15,8,94,21,0,0,78,0,0,0,60,0,0,75,2,63,1009,76,50,30,40,0,8,56,0,0,0,1,0,1,0,64,30,100,0,0,3,0,0,0,0,33,2,3,0,3,89,0,15,14,21,77,0,0,60,0,1,92,17,50,66,51,0,0,0,0,6,26,99,6,20,6,33,9,37,0,16,16,19,1,3,26,99,0,74,45,999,59,0,-31,0,0,397
45,4,0,4,0,17,Greg,Mabin,59,85,0,0,29,87,0,4,9,15,9,89,24,0,0,86,0,0,0,57,0,0,90,2,63,1009,92,45,19,30,0,11,40,0,0,0,8,0,8,0,89,45,100,0,0,1,4,0,0,0,26,2,2,0,2,60,0,15,14,36,89,1,0,52,0,1,84,14,67,73,66,4,0,4,0,9,13,82,8,42,5,7,13,19,0,16,16,6,4,5,7,59,0,74,40,999,54,1,-31,0,0,412
45,4,0,4,0,16,Cedric,Thornton,39,87,0,0,25,81,1,4,10,15,10,68,30,0,0,85,0,0,0,38,0,0,45,2,63,1009,95,72,43,49,0,12,16,0,0,0,0,0,0,0,265,45,100,2,0,1,4,0,0,0,63,2,1,0,1,86,0,15,20,24,67,7,0,38,0,1,84,19,79,66,50,6,0,0,0,16,21,53,11,10,19,10,20,31,0,12,12,20,26,25,42,39,0,76,135,999,10,7,-31,0,0,452
45,1,0,1,0,34,Jullian,Taylor,148,88,0,8,19,74,0,4,11,15,11,72,23,0,0,85,0,0,0,32,0,0,63,2,31,1009,81,72,43,61,0,3,21,0,0,0,7,0,7,0,208,45,100,0,0,4,2,0,0,0,77,2,4,8,4,75,0,7,30,43,69,0,0,35,0,1,93,21,87,75,59,7,0,7,0,22,12,56,13,31,14,16,50,27,0,12,12,32,45,18,20,148,0,77,120,999,16,0,-31,0,0,108
45,4,0,4,0,60,Earl,Mitchell,1160,88,0,232,16,78,0,4,12,15,12,66,30,0,0,96,0,0,0,20,0,0,67,2,17,1009,85,79,38,58,0,3,14,0,0,0,7,0,0,0,8,45,100,0,0,3,0,0,0,0,90,1,4,232,4,73,0,3,18,32,73,8,0,63,0,1,98,26,80,70,47,2,0,2,0,13,25,52,23,29,18,15,36,65,0,12,12,20,34,22,19,1160,0,75,150,999,15,8,-31,0,0,464
45,0,0,0,0,48,D.J.,Jones,148,84,0,12,21,74,0,4,13,15,13,68,23,0,0,84,0,0,0,20,0,0,62,2,38,1009,94,72,50,45,0,10,17,0,0,0,0,0,0,0,159,7,100,2,0,3,0,0,0,0,93,2,4,12,4,67,0,6,30,41,76,1,0,26,0,1,94,24,91,74,54,2,0,2,0,14,15,67,14,28,20,11,28,10,1,12,12,18,19,18,25,148,0,72,161,999,15,1,-31,0,0,135
45,3,0,3,0,41,Sheldon,Day,171,87,0,40,26,74,0,4,14,15,14,64,24,0,0,90,0,0,0,55,0,0,57,2,7,1009,86,65,36,45,0,10,16,0,0,0,0,0,0,0,152,45,100,0,0,2,0,0,0,0,96,2,4,40,4,75,0,4,31,20,72,2,0,25,0,1,95,27,80,64,54,7,0,7,0,21,24,43,22,30,45,20,15,38,0,12,12,25,23,20,17,171,0,73,134,999,10,2,-31,0,0,391
45,0,0,0,0,41,DeForest,Buckner,1319,84,0,728,16,80,0,4,15,15,15,74,24,0,0,87,0,1,0,24,0,0,46,2,7,1009,94,71,30,53,1,3,12,0,0,0,2,0,2,0,160,12,100,0,0,2,0,0,0,0,99,2,4,728,4,81,0,1,26,32,69,2,0,33,0,1,84,25,75,70,64,0,0,0,0,12,10,51,13,35,21,23,48,75,0,12,12,17,15,20,19,1319,0,79,140,999,12,2,-31,0,0,265
45,3,0,3,0,26,Kyle,Juszczyk,1522,82,0,352,11,79,0,4,16,15,16,76,27,0,0,84,0,0,0,58,0,0,70,2,34,1009,93,38,51,54,0,1,61,0,0,0,0,0,7,0,75,45,100,0,0,3,0,0,0,0,44,2,4,352,4,58,0,4,24,28,60,5,0,71,0,1,52,17,73,69,55,0,0,0,0,9,15,67,14,29,3,7,15,20,3,2,2,6,5,11,17,1522,0,73,80,999,17,5,-31,0,0,85
45,0,0,0,0,19,Jimmie,Ward,413,94,0,290,10,87,0,4,17,15,17,83,27,0,0,71,0,0,0,48,0,0,91,2,30,1009,90,58,16,45,0,1,52,0,0,0,9,0,9,0,137,12,100,0,0,1,2,0,0,0,20,2,5,290,5,77,0,1,30,22,79,4,0,62,0,1,75,18,57,65,56,0,0,4,0,8,15,78,8,34,10,40,8,46,0,17,17,14,3,6,19,413,0,71,33,999,64,4,-31,0,0,115
45,4,0,4,0,19,Tarvarius,Moore,194,91,0,52,5,85,0,4,18,15,18,85,22,1,0,69,0,0,0,60,0,0,78,2,31,1009,75,55,31,21,0,8,42,0,0,0,0,0,0,0,194,45,100,0,0,4,0,0,0,0,45,2,4,52,4,13,0,3,68,26,80,0,0,64,0,1,63,19,64,67,57,3,0,3,0,6,19,76,14,22,0,19,16,19,0,17,17,14,15,3,39,194,0,74,35,999,45,0,-31,0,0,141
45,0,0,0,0,34,Dexter,McCoil,27,89,0,0,13,86,0,4,19,15,19,91,26,0,0,70,0,0,0,63,0,0,82,2,63,1009,90,64,31,23,0,1,45,0,0,0,9,0,9,0,222,45,100,0,0,1,0,0,0,0,27,2,1,0,1,43,0,15,21,22,81,5,0,55,0,1,96,24,60,65,42,0,0,0,0,6,19,83,5,27,11,13,20,31,0,17,17,18,2,18,7,27,0,76,60,999,49,5,-31,0,0,106
45,0,0,0,0,22,Adrian,Colbert,144,91,0,8,17,87,1,4,20,15,20,83,24,0,0,88,0,0,0,54,0,0,81,2,37,1009,93,56,23,17,0,8,44,0,0,0,1,0,1,0,115,45,100,0,0,3,0,0,0,0,27,2,4,8,4,71,0,7,16,16,73,1,0,60,0,1,96,22,68,62,51,0,0,0,0,4,15,80,4,12,10,13,13,16,0,17,17,28,8,2,13,144,0,74,45,999,51,1,-31,0,0,373
45,7,0,7,0,30,Joe,Williams,176,84,0,44,14,94,2,4,21,15,21,91,24,0,1,74,0,0,0,53,0,0,78,2,25,1009,90,27,27,37,0,10,61,0,0,0,0,0,0,0,233,15,100,0,0,3,2,0,0,0,32,2,4,44,4,87,0,4,32,19,72,1,0,69,0,1,92,15,57,61,48,0,0,0,0,5,6,42,4,12,23,34,21,9,1,1,1,23,1,17,18,176,0,71,45,999,36,1,-31,0,0,34
45,0,0,0,0,28,Raheem,Mostert,30,84,0,0,17,87,0,4,22,15,22,85,26,0,1,95,0,0,0,56,0,0,75,2,63,1009,89,48,36,27,0,13,75,0,0,0,1,0,1,0,169,45,100,0,0,1,4,0,0,0,31,2,1,0,1,83,0,15,31,17,72,3,0,76,0,1,99,24,56,60,51,0,0,0,0,4,21,59,6,23,9,17,14,21,0,1,1,32,15,3,14,30,0,70,36,999,77,3,-31,0,0,117
45,6,0,6,0,32,Jeremy,McNichols,59,87,0,0,18,86,1,4,23,15,23,87,22,2,0,84,0,1,1,59,0,0,79,2,34,1009,88,22,27,36,0,8,64,0,0,0,7,0,7,0,19,45,100,0,0,1,0,0,0,0,33,2,2,0,2,57,0,5,32,17,77,1,0,72,0,1,68,19,65,60,48,3,0,3,0,5,19,75,4,22,9,37,11,57,0,1,1,18,4,13,18,59,0,69,50,999,35,1,-31,0,0,128
45,7,0,7,0,29,Alfred,Morris,34,88,0,0,16,87,3,4,24,15,24,93,29,0,0,81,0,0,0,61,0,0,83,2,13,1009,90,21,25,21,0,7,63,0,0,0,7,0,0,0,265,45,100,0,0,1,0,0,0,0,46,2,1,0,1,62,0,6,30,29,77,6,0,78,0,1,95,22,66,66,55,4,0,4,0,2,16,37,4,23,28,17,9,19,2,1,1,20,8,3,14,34,0,70,63,999,64,6,-31,0,0,481
45,3,0,3,0,38,Jerick,McKinnon,2175,87,0,468,28,86,0,4,25,15,25,87,26,1,1,81,0,0,0,67,0,0,92,2,32,1009,75,23,36,28,0,8,66,0,0,0,0,0,0,0,68,45,100,0,0,4,0,0,0,0,28,2,4,468,4,99,0,3,21,39,85,4,0,91,0,1,92,21,82,71,53,0,0,0,0,8,23,79,20,15,9,38,11,44,3,1,1,10,5,4,14,2175,0,69,45,999,38,4,-31,0,0,284
45,2,0,2,0,25,Matt,Breida,97,89,0,3,8,85,0,4,26,15,26,89,23,2,0,86,0,0,0,64,0,0,84,2,63,1009,85,21,35,22,0,7,66,0,0,0,0,0,0,0,68,45,100,1,0,2,0,0,0,0,22,2,3,3,3,69,0,15,30,29,71,1,0,84,0,1,95,19,60,66,51,0,0,0,0,8,8,83,7,19,21,14,10,42,0,1,1,24,8,7,15,97,0,71,30,999,46,1,-31,0,0,517
45,0,0,0,0,38,Robbie,Gould,232,75,0,66,78,77,0,4,27,15,27,65,35,0,0,58,0,0,0,25,0,0,50,2,63,1009,90,21,17,24,0,0,20,0,0,0,0,0,0,0,164,45,100,6,0,1,0,0,0,0,9,0,2,66,2,52,0,15,27,15,42,13,0,31,0,1,80,87,30,59,48,0,0,0,0,2,4,72,0,15,4,5,9,28,0,19,19,20,3,7,16,232,0,72,30,999,20,13,-31,0,0,391
45,0,0,0,0,10,Arik,Armstead,571,80,0,495,17,77,0,4,28,15,28,79,24,1,0,67,0,0,0,25,0,0,74,2,17,1009,80,63,42,45,0,9,31,0,0,0,0,0,0,0,160,12,100,2,0,2,0,0,0,0,91,2,5,495,5,80,0,1,29,33,71,3,0,25,0,1,96,24,65,69,53,6,0,6,0,6,15,67,6,54,9,11,14,16,0,10,10,37,13,34,30,571,0,79,132,999,16,3,-31,0,0,462
45,0,0,0,0,38,Cassius,Marsh,447,76,0,156,21,85,0,4,29,15,29,77,26,0,0,82,0,0,0,27,0,0,70,2,12,1009,87,72,45,55,0,10,47,0,0,0,0,0,0,0,226,45,100,0,0,2,0,0,0,0,54,2,2,156,2,55,0,4,33,49,66,4,0,20,0,1,92,25,75,77,41,7,0,7,0,12,21,58,12,36,23,18,20,23,0,10,10,21,7,21,20,447,0,76,85,999,27,4,-31,0,0,83
45,1,0,1,0,27,Laken,Tomlinson,1196,75,0,332,20,76,0,4,30,15,30,61,26,0,1,85,0,2,2,26,1,0,52,2,28,1009,88,41,74,74,0,2,23,0,0,0,2,0,0,0,52,12,100,0,0,4,0,0,0,0,75,2,4,332,4,65,0,1,24,33,70,3,0,34,0,1,96,29,87,69,59,4,0,4,0,15,17,50,21,60,26,22,14,29,0,6,6,30,27,16,42,1196,0,75,152,999,17,3,-31,0,0,452
12,0,0,0,0,11,Jonathan,Cooper,287,84,0,100,26,79,0,4,31,15,31,67,28,1,0,80,0,2,2,26,0,0,61,2,7,1009,83,30,79,69,1,8,28,0,0,0,0,0,0,0,135,4,100,5,0,1,0,0,0,0,64,1,1,100,1,57,0,1,28,33,66,5,0,28,0,1,96,25,92,69,49,3,0,0,0,18,30,76,18,70,26,25,25,30,0,6,6,32,18,47,25,287,0,74,145,999,18,5,-31,0,0,334
45,1,0,1,0,18,Dekoda,Watson,290,88,0,66,21,84,2,4,32,15,32,80,30,0,0,87,0,0,0,43,0,0,73,2,25,1009,88,76,40,43,1,7,23,0,0,0,1,0,1,0,64,45,100,0,0,2,0,0,0,0,97,2,3,66,3,9,0,7,32,28,76,8,0,53,0,1,90,27,74,68,50,0,0,0,0,5,15,79,9,39,0,25,10,24,0,13,13,20,4,11,21,290,0,74,85,999,28,8,-31,0,0,461
45,0,0,0,0,43,Pita,Taumoepenu,148,86,0,12,24,86,2,4,33,15,33,77,24,0,0,81,0,0,0,67,1,0,76,2,42,1009,80,70,45,40,0,11,30,0,0,0,1,0,1,0,233,45,100,0,0,3,4,0,0,0,55,2,4,12,4,55,0,6,47,34,71,1,0,40,0,1,97,34,81,71,55,5,0,5,0,3,14,65,5,62,12,26,26,31,0,13,13,21,2,17,38,148,0,73,84,999,14,1,-31,0,0,442
45,0,0,0,0,15,Eli,Harold,178,84,0,48,16,82,0,4,34,15,34,80,24,0,0,84,0,0,3,63,0,0,81,2,15,1009,90,76,47,36,0,8,25,0,0,0,1,0,1,0,240,45,100,0,0,1,0,0,0,0,57,2,4,48,4,68,0,3,21,34,75,3,0,35,0,1,98,25,77,71,47,3,0,3,0,5,14,58,8,48,12,11,9,28,1,13,13,12,5,29,20,178,0,75,101,999,12,3,-31,0,0,235
45,1,0,1,0,16,Darrell,Williams,30,81,0,6,15,76,0,4,35,15,35,68,25,1,0,88,0,3,0,29,0,0,54,2,63,1009,84,35,75,74,1,10,15,0,0,0,0,0,0,0,245,45,100,0,0,1,0,0,0,0,78,2,1,6,1,10,0,15,27,21,68,3,0,42,0,1,99,36,86,63,50,0,0,0,0,20,22,32,17,33,15,15,39,57,0,5,5,25,19,19,45,30,0,78,150,999,21,3,-31,0,0,98
45,0,0,0,0,22,Joe,Staley,1269,87,0,0,28,70,3,4,36,15,36,64,33,0,0,85,0,2,2,23,1,0,56,2,28,1009,79,40,69,73,0,12,14,0,0,0,0,0,0,0,33,12,100,0,0,2,4,0,0,0,74,2,2,0,2,55,0,1,22,15,63,11,0,32,0,1,68,23,80,58,54,0,0,0,0,16,35,63,18,46,27,40,28,36,0,5,5,18,37,18,27,1269,0,77,145,999,18,11,-31,0,0,335
45,0,0,0,0,17,Fred,Warner,231,85,0,52,14,87,0,4,37,15,37,83,21,0,1,78,0,0,2,54,0,0,82,2,6,1009,83,75,48,43,0,9,33,0,0,0,0,0,0,0,26,45,100,0,0,4,0,0,1,0,48,2,4,52,4,51,0,3,37,15,71,0,0,54,0,1,83,26,63,58,49,0,0,0,0,13,37,44,15,44,4,29,11,53,0,14,14,19,7,16,23,231,0,76,68,999,28,0,-31,0,0,57
45,4,0,4,0,31,Korey,Toomer,38,91,0,7,24,83,0,4,38,15,38,79,29,0,0,68,0,0,1,46,0,0,75,2,26,1009,82,74,46,48,0,11,25,0,0,0,9,0,9,0,82,45,100,0,0,1,4,0,0,0,59,2,1,7,1,54,0,5,23,16,83,6,0,35,0,1,65,29,74,60,50,0,0,0,0,5,29,76,9,49,14,9,16,22,0,14,14,19,1,13,10,38,0,74,75,999,16,6,-31,0,0,274
45,4,0,4,0,44,Reuben,Foster,524,92,0,384,14,86,0,4,39,15,39,75,24,0,1,79,0,0,0,54,0,0,78,2,31,1009,80,83,38,50,0,9,32,0,0,0,0,0,0,0,3,12,100,0,0,3,0,0,0,0,56,2,4,384,4,51,0,1,55,19,82,1,0,46,0,1,99,26,64,62,51,6,0,0,0,11,10,78,8,15,8,8,32,23,0,14,14,17,6,22,16,524,0,73,68,999,24,1,-31,0,0,207
45,2,0,2,0,27,Brock,Coyle,487,86,0,150,14,83,0,4,40,15,40,76,27,0,0,76,0,1,0,59,0,0,76,2,63,1009,85,84,53,38,0,8,29,0,0,0,0,0,0,0,124,45,100,2,0,3,0,0,0,0,50,2,3,150,3,70,0,15,50,16,79,4,0,56,0,1,94,19,72,60,42,0,0,0,0,7,29,44,9,39,8,20,18,26,2,14,14,33,6,20,20,487,0,73,85,999,22,4,-31,0,0,64
45,0,0,0,0,33,Bradley,Pinion,144,88,0,16,78,75,0,4,41,15,41,63,24,0,0,54,0,0,0,30,0,0,56,2,37,1009,88,30,21,12,0,0,14,0,0,0,0,0,0,0,38,45,100,0,0,1,0,0,0,0,5,0,4,16,4,92,0,5,38,23,43,3,0,29,0,1,83,91,40,68,51,3,0,3,0,3,20,85,4,12,0,7,12,23,0,20,20,13,10,7,2,144,0,77,75,999,23,3,-31,0,0,32
45,2,0,2,0,39,Jeff,Locke,34,84,0,0,78,68,0,4,42,15,42,69,28,0,0,75,0,0,0,32,0,0,53,2,27,1009,91,17,21,15,0,11,16,0,0,0,0,0,0,0,226,45,100,0,0,1,4,0,1,0,2,0,1,0,1,75,0,5,43,31,45,5,0,35,0,1,92,93,38,72,55,0,0,0,0,0,6,95,0,12,11,16,10,20,0,20,20,14,11,10,2,34,0,72,41,999,13,5,-31,0,0,361
45,0,0,0,0,76,Jimmy,Garoppolo,9969,87,0,1950,19,77,0,4,43,15,43,76,26,0,0,96,0,0,0,42,0,0,77,2,30,1009,88,26,14,10,0,1,46,0,0,0,9,0,9,0,55,45,100,0,0,5,0,0,0,0,10,2,5,1950,5,94,0,2,87,40,68,4,0,72,0,1,96,29,70,68,50,1,0,4,0,1,19,80,4,20,17,25,0,9,0,0,0,32,7,3,10,9969,0,74,65,999,10,4,-31,0,0,320
45,0,0,0,0,78,C.J.,Beathard,205,91,0,48,19,83,0,4,44,15,44,61,24,0,0,76,0,1,1,33,0,0,53,2,40,1009,90,24,22,12,0,11,30,0,0,0,0,0,0,0,89,45,100,0,0,3,4,0,0,0,3,0,4,48,4,0,0,3,88,33,50,1,0,55,0,1,63,22,57,65,54,1,0,2,0,1,18,79,9,11,16,15,7,5,0,0,0,17,6,5,30,205,0,74,57,999,12,1,-31,0,0,219
45,2,0,2,0,58,Ronald,Blair III,151,75,0,20,31,81,1,4,45,15,45,71,25,0,0,82,0,0,0,35,0,0,62,2,14,1009,90,73,60,48,0,10,19,0,0,0,0,0,7,0,7,45,100,0,0,2,2,0,0,0,98,2,4,20,4,88,0,5,34,43,79,2,0,21,0,1,71,26,77,74,47,2,0,0,0,8,39,64,8,24,36,18,23,25,0,11,11,21,23,24,42,151,0,76,110,999,22,2,-31,0,0,463
45,3,0,3,0,15,Erik,Magnuson,97,79,0,3,24,65,1,4,46,15,46,56,24,0,0,88,0,1,1,26,0,1,64,2,63,1009,82,36,67,77,0,10,14,0,0,0,0,0,0,0,117,45,100,5,0,2,2,0,0,0,62,0,3,3,3,59,0,15,31,18,44,1,0,27,0,1,82,24,82,61,49,5,0,5,0,28,17,32,10,52,28,26,44,56,0,8,8,26,19,23,27,97,0,78,145,999,15,1,-31,0,0,69
45,1,0,1,0,10,Chris,Gonzalez,21,89,0,0,17,79,1,4,47,15,47,65,23,1,0,70,0,0,0,34,0,0,64,2,63,1009,88,31,68,72,0,2,38,0,0,0,0,0,0,0,185,7,100,3,0,1,2,0,0,0,67,2,1,0,1,62,0,15,13,33,64,0,0,34,0,1,91,27,93,69,56,7,0,0,0,11,20,61,23,54,41,28,27,54,0,8,8,27,15,33,22,21,0,75,150,999,5,0,-31,0,0,362
45,0,0,0,0,12,Joshua,Garnett,540,79,0,380,11,73,0,4,48,15,48,57,24,0,0,86,0,1,1,17,1,0,58,2,28,1009,79,46,68,71,0,3,15,0,0,0,8,0,8,0,200,12,100,0,0,2,0,0,0,0,65,2,4,380,4,15,0,1,35,15,55,2,0,28,0,1,94,22,80,59,49,0,0,0,0,18,23,58,18,60,19,29,24,30,0,8,8,14,41,30,21,540,0,77,153,999,22,2,-31,0,0,194
45,0,0,0,0,15,Malcolm,Smith,1921,85,0,460,19,82,1,4,49,15,49,85,29,0,0,79,0,3,3,52,0,0,70,2,50,1009,90,69,37,41,0,8,37,0,0,0,9,0,9,0,231,45,100,0,0,4,2,0,0,0,51,2,5,460,5,77,0,7,52,22,72,7,0,26,0,1,94,19,60,65,56,5,0,5,0,4,19,50,7,59,37,24,1,38,0,15,15,16,4,30,23,1921,0,72,65,999,29,7,-31,0,0,253
45,3,0,3,0,20,Mark,Nzeocha,34,88,0,2,33,82,0,4,50,15,50,78,28,0,0,96,0,0,0,37,0,1,70,2,44,1009,92,80,40,50,0,2,28,0,0,0,0,0,0,0,260,45,100,2,0,1,0,0,0,0,53,2,1,2,1,69,0,7,36,34,71,3,0,26,0,1,99,22,74,71,60,0,0,0,0,4,15,79,4,56,26,1,18,32,2,15,15,38,4,14,26,34,0,75,80,999,18,3,-31,0,0,448
45,0,0,0,0,32,Elijah,Lee,59,75,0,0,20,88,0,4,51,15,51,79,22,0,0,80,0,0,0,56,0,1,75,2,40,1009,84,73,35,36,0,8,44,0,0,0,0,0,0,0,96,45,100,0,0,1,0,0,0,0,47,2,2,0,2,15,0,7,28,30,70,1,0,28,0,1,77,15,74,69,52,2,0,2,0,20,21,27,13,21,30,15,25,49,1,15,15,17,14,23,19,59,0,74,69,999,27,1,-31,0,0,242
45,3,0,3,0,17,Jeremiah,Attaochu,174,87,0,125,28,83,0,4,52,15,52,81,25,0,0,86,0,0,1,43,0,0,77,2,18,1009,90,69,39,44,0,1,53,0,0,0,0,0,0,0,71,45,100,0,0,1,0,0,0,0,92,2,1,125,1,49,0,2,21,22,77,4,0,46,0,1,55,21,68,65,53,0,0,5,0,13,16,75,4,34,11,17,8,48,0,15,15,15,2,20,37,174,0,75,92,999,15,4,-31,0,0,221
45,3,0,3,0,21,Pace,Murphy,70,81,0,0,15,72,1,4,53,15,53,58,24,0,1,79,0,3,3,29,0,0,54,2,63,1009,91,35,70,67,0,3,13,0,0,0,0,0,0,0,265,45,100,0,0,2,0,0,0,0,71,2,2,0,2,55,0,15,30,15,60,2,0,20,0,1,80,31,88,59,55,0,0,3,0,12,19,59,13,54,26,19,25,31,0,9,9,41,12,21,19,70,0,78,148,999,17,2,-31,0,0,384
45,0,0,0,0,16,Garry,Gilliam,449,89,0,108,21,80,2,4,54,15,54,59,27,0,1,87,0,0,0,27,0,1,57,2,63,1009,96,26,67,75,1,2,18,0,0,0,7,0,7,0,164,45,100,0,0,2,0,0,0,0,76,0,2,108,2,61,0,15,22,18,31,4,0,25,0,1,94,27,86,61,57,0,0,0,0,10,18,74,19,75,30,14,32,32,0,9,9,20,37,20,21,449,0,77,150,999,8,4,-31,0,0,189
45,0,0,0,0,29,Jaquiski,Tartt,942,85,0,276,33,90,0,4,55,15,55,87,26,1,0,82,0,0,0,56,0,0,77,2,14,1009,85,63,25,30,0,7,50,0,0,0,0,0,0,0,184,45,100,0,0,3,0,0,0,0,29,2,3,276,3,51,0,2,58,23,90,3,0,63,0,1,92,15,55,67,56,3,0,0,0,0,10,68,5,7,27,15,16,22,1,18,18,13,0,9,15,942,0,73,58,999,42,3,-31,0,0,46
45,3,0,3,0,15,Tyvis,Powell,68,87,0,0,27,88,0,4,56,15,56,80,24,1,0,86,0,0,0,55,0,0,77,2,63,1009,85,58,26,40,0,7,52,0,0,0,7,0,0,0,156,45,100,0,0,1,0,0,0,0,30,2,2,0,2,38,0,15,19,15,87,2,0,54,0,1,82,17,61,57,44,0,0,2,0,8,17,58,7,27,11,23,9,22,0,18,18,19,9,3,45,68,0,74,51,999,81,2,-31,0,0,446
45,4,0,4,0,36,Marcell,Harris,152,90,0,12,5,84,2,4,57,15,57,83,24,0,0,66,0,0,0,73,0,0,78,2,24,1009,88,61,22,30,0,7,46,0,0,0,0,0,8,0,62,45,100,0,0,4,0,0,0,0,49,2,4,12,4,33,0,6,37,17,76,0,0,54,0,1,71,19,62,64,46,0,0,2,0,5,14,80,3,41,10,25,4,35,0,18,18,20,2,7,12,152,0,72,48,999,51,0,-31,0,0,469
45,5,0,5,0,18,Antone,Exum Jr,30,90,0,0,31,85,1,4,58,15,58,88,27,0,0,66,0,0,0,56,0,0,85,2,22,1009,78,76,32,31,0,7,26,0,0,0,7,0,7,0,241,45,100,0,0,1,0,0,0,0,38,2,1,0,1,62,0,6,27,28,79,4,0,54,0,1,86,16,54,69,53,0,0,0,0,3,8,60,1,24,26,7,10,23,1,18,18,20,0,11,7,30,0,72,59,999,64,4,-31,0,0,471
45,2,0,2,0,31,Cole,Wick,70,91,0,0,12,76,2,4,59,15,59,73,24,1,1,92,0,0,0,77,0,0,75,2,63,1009,90,36,55,61,0,3,60,0,0,0,0,0,0,0,265,45,100,0,0,2,0,0,0,0,89,2,2,0,2,52,0,15,59,47,76,2,0,62,0,1,92,34,71,76,54,0,0,0,0,0,8,62,19,23,13,18,26,10,1,4,4,35,7,0,48,70,0,78,97,999,37,2,-31,0,0,276
45,3,0,3,0,20,Kyle,Nelson,202,81,0,40,33,73,0,4,60,15,60,72,31,0,0,87,0,0,1,50,0,0,71,2,63,1009,91,40,55,51,0,10,61,0,0,0,7,0,0,0,144,45,100,0,0,1,0,0,0,0,86,0,4,40,4,54,0,15,34,15,79,7,0,61,0,1,89,23,65,54,53,0,0,0,0,4,24,71,7,25,0,23,38,11,0,4,4,19,29,22,23,202,0,74,80,999,46,7,-31,0,0,388
45,2,0,2,0,23,George,Kittle,157,79,0,20,13,72,0,4,61,15,61,77,24,0,0,71,0,0,0,73,0,0,74,2,18,1009,83,41,56,52,0,9,51,0,0,0,8,0,8,0,89,45,100,0,0,3,0,0,0,0,85,2,4,20,4,91,0,5,40,33,67,1,0,67,0,1,93,39,71,69,55,3,0,3,0,11,15,65,20,46,17,19,18,29,0,4,4,20,30,14,23,157,0,76,89,999,22,1,-31,0,0,38
45,3,0,3,0,36,Cole,Hikutini,59,77,0,0,20,74,3,4,62,15,62,67,24,1,1,86,0,0,0,57,0,0,69,2,63,1009,89,39,57,60,0,2,66,0,0,0,0,0,0,0,105,45,100,0,0,1,0,0,0,0,83,0,2,0,2,84,0,15,33,15,76,1,0,65,0,1,90,25,64,58,41,0,0,0,0,1,3,31,8,19,16,20,18,22,0,4,4,20,19,26,43,59,0,76,87,999,55,1,-31,0,0,153
45,4,0,4,0,37,Garrett,Celek,580,86,0,176,11,72,3,4,63,15,63,80,30,0,0,81,0,0,0,62,0,0,64,2,63,1009,89,43,50,50,0,3,46,0,0,0,9,0,9,0,118,45,100,0,0,2,0,0,0,0,88,0,4,176,4,55,0,15,37,16,60,6,0,62,0,1,93,35,69,60,56,4,0,4,0,1,11,69,2,56,27,19,13,29,0,4,4,18,27,10,21,580,0,77,92,999,15,6,-31,0,0,3
45,3,0,3,0,52,Trent,Taylor,151,92,0,16,13,85,0,4,64,15,64,87,24,0,0,85,0,0,0,86,0,0,87,2,49,1009,84,28,33,35,0,0,58,0,0,0,0,0,0,0,101,45,100,0,0,3,0,0,0,0,81,0,4,16,4,79,0,5,68,45,87,1,0,72,0,1,96,14,62,75,52,0,0,0,0,7,12,97,3,13,4,17,3,32,0,3,3,17,2,4,29,151,0,68,21,999,39,1,-31,0,0,329
45,4,0,4,0,19,Aldrick,Robinson,232,91,0,32,10,88,0,4,65,15,65,92,29,1,0,74,0,0,0,83,0,0,86,2,18,1009,89,38,23,29,0,0,60,0,0,0,0,0,0,0,192,45,100,1,0,1,0,0,0,0,19,2,2,32,2,44,0,6,29,41,84,7,0,71,0,1,96,15,62,73,40,0,0,0,0,1,15,78,5,17,6,4,6,17,0,3,3,24,0,5,14,232,0,70,27,999,71,7,-31,0,0,345
45,4,0,4,0,59,Dante,Pettis,371,84,0,200,14,86,0,4,66,15,66,87,22,1,0,84,0,0,0,80,0,0,86,2,12,1009,78,30,28,45,0,8,64,0,0,0,0,0,8,0,252,15,100,0,0,4,0,0,0,0,18,2,4,200,4,84,0,2,38,37,80,0,0,65,0,1,85,21,60,71,49,2,0,2,0,5,6,72,2,31,8,23,12,50,0,3,3,34,10,13,13,371,0,73,34,999,62,0,-31,0,0,12
45,4,0,4,0,17,Max,McCaffrey,59,90,0,0,16,85,2,4,67,15,67,88,24,1,0,75,0,0,0,89,0,0,84,2,63,1009,78,32,24,34,0,0,57,0,0,0,9,0,9,0,52,45,100,0,0,1,0,0,0,0,1,0,2,0,2,67,0,15,50,47,88,2,0,70,0,1,92,17,54,76,54,4,0,4,0,0,20,63,3,15,4,3,12,57,0,3,3,22,0,3,14,59,0,74,40,999,41,2,-31,0,0,180
45,6,0,6,0,50,Richie,James,147,82,0,8,7,84,0,4,68,15,68,88,22,1,1,67,0,0,0,82,0,0,81,2,48,1009,81,41,26,25,0,0,59,0,0,0,0,0,0,0,119,45,100,2,0,4,2,0,0,0,82,2,4,8,4,87,0,7,32,37,77,0,0,75,0,1,93,18,61,71,53,0,0,2,0,0,9,68,7,34,4,25,10,4,1,3,3,18,1,14,10,147,0,69,22,999,58,0,-31,0,0,373
45,4,0,4,0,36,Marquise,Goodwin,1367,85,0,324,6,89,0,4,69,15,69,86,27,1,0,77,0,0,0,79,0,0,81,2,14,1009,87,28,16,31,0,11,54,0,0,0,8,0,8,0,214,45,100,0,0,4,4,0,0,0,11,2,4,324,4,94,0,3,35,31,84,5,0,75,0,1,83,13,53,68,45,0,0,0,0,2,7,46,1,17,5,5,9,24,0,3,3,18,4,23,21,1367,0,69,20,999,74,5,-31,0,0,507
45,4,0,4,0,57,Pierre,Garcon,3444,89,0,680,11,92,2,4,70,15,70,90,32,0,0,76,0,0,0,79,0,0,90,2,45,1009,82,37,37,32,0,0,65,0,0,0,0,0,7,0,265,45,100,0,0,4,0,0,0,0,15,2,5,680,5,78,0,6,42,43,81,10,0,71,0,1,88,16,63,74,48,3,0,3,0,0,10,76,4,20,3,17,1,47,0,3,3,17,1,8,14,3444,0,72,51,999,64,10,-31,0,0,251
36,4,0,4,0,49,Aaron,Burbridge,142,88,0,8,12,94,0,4,71,15,71,92,24,2,1,62,0,0,0,84,0,0,88,2,53,1009,94,42,20,43,0,0,60,0,0,0,0,0,7,0,118,15,100,0,0,2,0,0,0,0,13,1,4,8,4,78,0,6,30,47,82,2,0,62,0,1,76,22,61,76,46,0,0,3,0,3,8,42,6,21,6,8,7,56,1,3,3,22,0,20,10,142,0,73,48,999,83,2,-31,0,0,270
45,2,0,2,0,29,Victor,Bolden Jr,97,92,0,3,10,88,0,4,72,15,72,88,23,2,0,69,0,0,0,82,0,0,81,2,63,1009,88,24,20,40,0,0,51,0,0,0,0,0,8,0,161,45,100,0,0,2,0,0,0,0,17,2,3,3,3,12,0,15,24,35,81,1,0,75,0,1,98,14,64,70,46,0,0,0,0,1,14,79,0,19,10,29,1,30,0,3,3,20,16,12,36,97,0,68,18,999,49,1,-31,0,0,28
45,2,0,2,0,47,Kendrick,Bourne,97,86,0,3,14,85,1,4,73,15,73,85,23,1,0,79,0,0,0,83,0,0,82,2,63,1009,89,24,21,37,0,1,65,0,0,0,0,0,0,0,59,45,100,0,0,2,0,0,0,0,84,2,3,3,3,52,0,15,44,35,78,1,0,73,0,1,60,22,61,70,47,0,0,0,0,5,18,71,11,14,4,16,2,27,0,3,3,22,7,11,13,97,0,73,43,999,67,1,-31,0,0,166
45,0,0,0,0,50,A.Q.,Shipley,203,89,0,48,15,82,0,4,74,7,74,78,32,0,1,91,0,0,0,44,0,0,63,2,34,1009,92,43,73,76,0,3,41,0,0,0,2,0,2,0,164,45,100,0,0,1,0,0,0,0,53,2,2,48,2,65,0,7,22,37,70,9,0,61,0,1,93,34,85,71,50,2,0,2,0,25,14,59,20,12,30,10,14,68,0,7,7,19,41,19,20,203,0,73,147,999,17,9,-31,0,0,403
45,0,0,0,0,47,Daniel,Munyer,24,91,0,0,26,69,0,4,75,7,75,52,26,0,0,85,0,0,0,43,0,0,66,2,63,1009,83,19,76,79,0,10,38,0,0,0,2,0,0,0,41,45,100,0,0,1,0,0,0,0,62,2,1,0,1,89,0,15,26,35,70,3,0,59,0,1,92,35,82,70,64,0,0,3,0,10,12,58,20,48,32,20,25,16,0,7,7,20,19,14,20,24,0,73,145,999,12,3,-31,0,0,469
45,0,0,0,0,36,Mason,Cole,187,80,0,52,34,67,2,4,76,7,76,50,22,0,0,85,0,0,0,64,1,1,54,2,33,1009,97,30,71,83,0,2,18,0,0,0,9,0,9,0,117,45,100,0,0,4,0,0,0,0,64,0,4,52,4,99,0,3,44,25,73,0,0,31,0,1,81,39,77,65,58,5,0,5,0,14,19,52,18,63,22,11,22,33,0,7,7,20,50,18,21,187,0,77,140,999,8,0,-31,0,0,425
45,0,0,0,0,24,Josh,Allen,27,85,0,0,16,75,0,4,77,7,77,59,26,0,0,75,0,1,1,38,0,0,54,2,63,1009,92,39,69,77,0,2,27,0,0,0,9,0,9,0,229,45,100,0,0,1,0,0,0,0,66,0,1,0,1,9,0,15,26,23,82,4,0,54,0,1,75,26,71,64,61,2,0,2,0,14,19,54,24,30,34,38,26,23,0,7,7,21,18,37,20,27,0,75,155,999,8,4,-31,0,0,190
45,2,0,2,0,38,Lou,Young,24,85,0,0,7,88,0,4,78,7,78,87,26,1,0,57,0,0,0,47,0,0,79,2,63,1009,80,42,24,28,0,1,41,0,0,0,8,0,8,0,71,45,100,0,0,1,2,0,0,0,32,2,1,0,1,1,0,15,30,15,81,4,0,63,0,1,98,18,71,59,48,0,0,0,0,10,34,84,0,25,9,10,30,23,1,16,16,35,14,7,10,24,0,73,45,999,52,4,-31,0,0,111
45,4,0,4,0,29,Tavierre,Thomas,99,90,0,0,31,89,1,4,79,7,79,90,22,0,0,80,0,0,0,55,0,0,86,2,63,1009,82,67,30,19,0,0,46,0,0,0,1,0,1,0,265,45,100,0,0,3,0,0,0,0,34,1,3,0,3,92,0,15,12,21,77,0,0,54,0,1,99,17,66,66,46,2,0,2,0,2,11,96,1,43,6,20,18,22,0,16,16,19,0,8,36,99,0,72,42,999,79,0,-31,0,0,179
45,3,0,3,0,29,Jamar,Taylor,368,85,0,50,7,91,0,4,80,7,80,89,27,0,0,65,0,0,0,50,0,0,82,2,22,1009,89,59,29,27,0,0,53,0,0,0,7,0,7,0,19,45,100,0,0,2,0,0,0,0,28,2,2,50,2,64,0,2,34,15,88,5,0,49,0,1,99,23,55,63,45,3,0,3,0,0,13,82,3,29,7,8,6,46,0,16,16,25,2,10,20,368,0,71,32,999,33,5,-31,0,0,81
45,4,0,4,0,33,Brandon,Williams,179,87,0,44,9,87,0,4,81,7,81,91,25,0,0,77,0,0,0,47,0,0,89,2,28,1009,88,48,29,37,0,1,41,0,0,0,7,0,0,0,215,45,100,0,0,2,0,0,0,0,26,2,4,44,4,94,0,3,67,15,91,2,0,56,0,1,95,17,63,62,43,0,0,2,0,6,21,65,11,23,6,21,0,19,0,16,16,7,3,5,32,179,0,72,40,999,30,2,-31,0,0,252
12,3,0,3,0,34,Patrick,Peterson,5079,87,0,651,10,93,0,4,82,7,82,85,28,1,0,58,0,0,0,60,0,0,81,2,5,1009,88,47,22,34,0,0,68,0,0,0,8,0,8,0,106,4,100,0,0,3,0,0,0,0,21,2,7,651,7,57,0,1,34,32,88,7,0,56,0,1,56,22,69,71,62,3,0,3,0,0,16,95,5,22,3,18,10,18,0,16,16,40,0,13,29,5079,0,73,43,999,25,7,-31,0,0,338
45,4,0,4,0,20,Deatrick,Nichols,99,89,0,0,11,89,0,4,83,7,83,90,24,1,0,92,0,0,0,55,0,0,90,2,63,1009,97,68,20,22,0,7,47,0,0,0,8,0,8,0,232,45,100,0,0,3,2,0,0,0,39,2,3,0,3,1,0,15,34,34,71,0,0,48,0,1,92,12,58,72,62,0,0,0,0,4,13,86,2,22,6,27,4,18,0,16,16,18,2,4,8,99,0,70,29,999,57,0,-31,0,0,434
45,4,0,4,0,21,Harlan,Miller,24,87,0,0,8,92,0,4,84,7,84,85,24,1,1,88,0,0,0,71,0,0,90,2,45,1009,79,39,45,18,0,1,38,0,0,0,0,0,7,0,265,45,100,0,0,1,2,0,0,0,34,2,1,0,1,0,0,6,20,25,80,2,0,57,0,1,98,35,72,68,47,0,0,0,0,0,8,55,5,25,6,34,5,18,1,16,16,16,3,7,15,24,0,72,22,999,49,2,-31,0,0,397
45,4,0,4,0,32,Christian,Campbell,153,87,0,12,5,88,0,4,85,7,85,85,22,0,0,62,0,0,0,58,0,0,84,2,22,1009,92,45,29,44,0,7,27,0,0,0,8,0,8,0,164,45,100,0,0,4,0,0,0,0,33,2,4,12,4,79,0,6,24,15,82,0,0,50,0,1,81,20,53,61,46,0,0,0,0,0,15,81,2,25,20,19,5,16,0,16,16,22,0,7,23,153,0,73,35,999,54,0,-31,0,0,295
45,2,0,2,0,21,Bene',Benwikere,38,91,0,7,9,86,0,4,86,7,86,86,26,0,0,85,0,0,0,62,0,0,89,2,20,1009,79,38,36,35,0,0,53,0,0,0,0,0,0,0,185,45,100,0,0,1,0,0,0,0,23,2,1,7,1,82,0,5,23,15,70,4,0,68,0,1,61,27,58,60,45,0,0,3,0,0,11,64,11,23,10,18,25,46,0,16,16,39,3,7,8,38,0,72,35,999,44,4,-31,0,0,29
45,3,0,3,0,17,Olsen,Pierre,27,77,0,0,25,79,0,4,87,7,87,51,26,0,0,72,0,0,0,21,0,1,51,2,63,1009,83,74,41,58,0,3,21,0,0,0,2,0,2,0,115,45,100,0,0,1,0,0,0,0,72,2,1,0,1,84,0,15,29,26,55,3,0,24,0,1,60,19,84,67,50,0,0,0,0,24,22,54,16,42,17,15,15,34,0,12,12,10,24,12,32,27,0,77,133,999,11,3,-31,0,0,90
45,0,0,0,0,28,Corey,Peters,870,80,0,180,17,79,1,4,88,7,88,59,30,2,0,83,0,0,0,32,0,0,82,2,19,1009,80,70,40,53,1,10,21,0,0,0,2,0,2,0,98,45,100,0,0,3,2,0,0,0,98,2,4,180,4,58,0,3,57,30,72,8,0,37,0,1,95,15,86,69,46,5,0,0,0,13,16,42,34,38,29,14,23,42,0,12,12,26,12,17,20,870,0,75,145,999,10,8,-31,0,0,314
45,0,0,0,0,34,Owen,Obasuyi,99,80,0,0,17,80,0,4,89,7,89,66,22,0,0,98,0,2,2,28,0,0,60,2,63,1009,91,71,41,43,1,3,30,0,0,0,0,0,0,0,74,7,100,6,0,3,0,0,0,0,97,2,3,0,3,91,0,15,25,34,72,0,0,23,0,1,95,23,89,71,47,3,0,3,0,20,29,60,31,15,19,30,38,30,0,12,12,26,21,21,25,99,0,76,148,999,13,0,-31,0,0,268
45,0,0,0,0,47,Robert,Nkemdiche,499,74,0,352,19,74,0,4,90,7,90,70,23,0,0,74,0,0,3,24,0,0,78,2,29,1009,92,81,44,50,1,12,21,0,0,0,9,0,9,0,159,12,100,0,0,2,4,0,0,0,90,2,4,352,4,0,0,1,19,45,66,2,0,33,0,1,82,37,83,76,54,4,0,4,0,14,19,82,15,28,17,17,11,30,1,12,12,37,49,49,14,499,0,76,136,999,12,2,-31,0,0,319
45,2,0,2,0,34,Rodney,Gunter,162,78,0,36,24,75,1,4,91,7,91,67,26,0,0,69,0,0,0,30,0,0,58,2,20,1009,81,68,44,48,0,3,23,0,0,0,9,0,9,0,50,45,100,0,0,1,0,0,0,0,95,2,4,36,4,57,0,4,24,28,74,3,0,22,0,1,81,24,87,68,48,4,0,0,0,10,19,64,19,65,20,13,18,29,1,12,12,19,46,21,25,162,0,77,145,999,18,3,-31,0,0,247
8,2,0,2,0,27,Elijhaa,Penny,24,83,0,0,7,86,1,4,92,7,92,73,25,0,0,75,0,1,1,60,0,0,72,2,63,1009,91,37,46,49,0,11,66,0,0,0,1,0,1,0,82,15,100,0,0,1,0,0,0,0,35,2,1,0,1,83,0,15,25,24,77,2,0,69,0,1,52,14,73,67,51,0,0,0,0,11,29,72,6,35,13,18,16,18,2,2,2,27,24,4,19,24,0,74,74,999,24,2,-31,0,0,7
45,7,0,7,0,53,Derrick,Coleman,34,89,0,0,13,82,0,4,93,7,93,78,27,2,0,75,0,0,0,58,0,0,66,2,63,1009,90,49,49,52,0,8,57,0,0,0,8,0,8,0,226,15,100,0,0,1,0,0,0,0,48,2,1,0,1,95,0,15,51,20,75,6,0,65,0,1,99,36,72,65,49,4,0,4,0,9,24,70,9,29,30,49,20,64,0,2,2,22,33,0,20,34,0,72,73,999,29,6,-31,0,0,33
45,0,0,0,0,33,Tre,Boston,87,93,0,52,11,84,0,4,94,7,94,87,26,1,1,89,0,0,0,63,0,0,82,2,32,1009,93,71,35,25,0,13,39,0,0,0,0,0,7,0,135,45,100,0,0,1,4,0,0,0,38,2,1,52,1,1,0,4,13,34,79,4,0,59,0,1,51,16,52,71,55,0,0,2,0,5,14,78,1,26,10,17,13,50,0,17,17,22,4,0,24,87,0,73,45,999,71,4,-31,0,0,275
45,0,0,0,0,29,Antoine,Bethea,924,92,0,102,8,88,0,4,95,7,95,83,34,1,0,71,0,0,0,51,0,0,77,2,47,1009,96,57,21,15,0,8,50,0,0,0,0,0,0,0,81,45,100,4,0,2,2,0,0,0,41,2,3,102,3,68,0,6,38,15,91,12,0,60,0,1,92,29,61,61,47,0,0,4,0,2,29,41,4,27,22,18,22,15,1,17,17,20,1,23,17,924,0,71,46,999,43,12,-31,0,0,119
45,3,0,3,0,62,T.J.,Logan,151,84,0,16,33,84,3,4,96,7,96,90,23,2,1,71,0,0,0,58,0,0,86,2,51,1009,82,39,34,36,0,7,78,0,0,0,1,0,1,0,135,45,100,0,0,3,0,0,0,0,22,2,4,16,4,41,0,5,20,31,75,1,0,77,0,1,95,18,78,67,51,0,0,0,0,3,7,79,6,40,28,7,17,20,1,1,1,35,17,10,17,151,0,70,36,999,21,1,-31,0,0,113
45,5,0,5,0,54,David,Johnson,174,84,0,44,26,87,0,4,97,7,97,90,26,0,1,74,0,0,0,62,0,0,80,2,22,1009,80,36,30,28,0,7,65,0,0,0,0,0,0,0,150,45,100,0,0,1,2,0,0,0,31,2,4,44,4,96,0,3,23,27,70,3,0,82,0,1,98,22,64,65,53,0,0,0,0,6,14,94,7,26,8,36,30,14,0,1,1,23,1,9,16,174,0,73,64,999,25,3,-31,0,0,397
45,7,0,7,0,24,D.J.,Foster,68,87,0,0,30,89,1,4,98,7,98,87,24,0,0,84,0,0,0,61,0,0,80,2,63,1009,90,21,48,28,0,13,67,0,0,0,0,0,8,0,9,45,100,0,0,1,4,0,0,0,37,2,2,0,2,63,0,15,22,23,77,2,0,70,0,1,75,16,58,63,56,4,0,4,0,4,31,55,8,21,10,6,13,14,0,1,1,32,2,1,15,68,0,72,35,999,21,2,-31,0,0,100
45,6,0,6,0,29,Chase,Edmonds,169,92,0,32,15,87,0,4,99,7,99,85,22,0,0,75,0,0,0,62,0,0,82,2,38,1009,75,32,36,23,0,8,73,0,0,0,1,0,1,0,65,45,100,0,0,4,0,0,0,0,29,2,4,32,4,59,0,4,23,25,82,0,0,81,0,1,86,16,79,64,45,2,0,2,0,15,10,81,6,21,10,15,6,19,0,1,1,12,3,3,25,169,0,69,48,999,40,0,-31,0,0,370
45,4,0,4,0,34,Phil,Dawson,348,82,0,76,80,64,0,4,100,7,100,69,43,0,0,62,0,0,0,29,0,0,55,2,63,1009,84,24,23,23,0,11,21,0,0,0,0,0,0,0,214,45,100,2,0,1,4,0,0,0,4,0,2,76,2,5,0,15,25,38,35,20,0,39,0,1,96,95,36,74,54,0,0,3,0,0,16,83,1,24,9,16,6,18,0,19,19,20,1,10,10,348,0,71,40,999,23,20,-31,0,0,188
45,0,0,0,0,11,Gabe,Martin,68,80,0,0,29,72,0,4,101,7,101,68,26,0,1,98,0,1,1,34,0,0,71,2,63,1009,86,71,57,52,0,8,18,0,0,0,0,0,0,0,21,45,100,3,0,1,0,0,0,0,50,2,2,0,2,7,0,15,20,37,75,3,0,27,0,1,82,21,78,71,53,5,0,5,0,11,17,61,10,16,33,18,17,41,0,10,10,18,21,39,18,68,0,74,76,999,20,3,-31,0,0,48
45,0,0,0,0,24,Alec,James,99,85,0,0,24,77,3,4,102,7,102,69,23,0,1,67,0,0,0,27,1,0,61,2,63,1009,89,74,41,55,0,3,21,0,0,0,0,0,0,0,258,45,100,0,0,3,0,0,0,0,94,2,3,0,3,0,0,15,16,37,71,0,0,38,0,1,89,30,74,71,45,0,0,0,0,5,13,64,10,21,21,13,22,25,0,10,10,31,9,14,19,99,0,75,112,999,29,0,-31,0,0,339
45,3,0,3,0,26,Markus,Golden,227,92,0,56,21,77,0,4,103,7,103,75,27,0,0,79,0,2,2,28,0,0,67,2,26,1009,77,71,49,62,0,3,21,0,0,0,0,0,0,0,122,45,100,0,0,1,0,0,0,0,44,2,4,56,4,39,0,2,22,47,73,3,0,30,0,1,97,28,85,76,43,0,0,0,0,7,15,30,17,23,19,10,15,11,0,10,10,12,15,15,45,227,0,75,100,999,17,3,-31,0,0,479
45,0,0,0,0,27,Cap,Capi,24,75,0,0,16,81,3,4,104,7,104,68,26,0,0,88,0,0,0,51,1,0,56,2,63,1009,79,74,49,50,0,12,35,0,0,0,8,0,8,0,2,45,100,0,0,1,4,0,0,0,61,2,1,0,1,70,0,15,26,31,68,3,0,49,0,1,93,20,67,68,44,4,0,4,0,10,18,62,10,51,19,16,22,31,0,10,10,10,30,15,20,24,0,75,89,999,20,3,-31,0,0,232
45,1,0,1,0,23,Mike,Iupati,290,88,0,250,19,69,0,4,105,7,105,67,31,1,0,88,0,2,2,28,0,0,63,2,17,1009,90,39,72,69,0,3,17,0,0,0,0,0,0,0,82,12,100,5,0,1,0,0,0,0,76,2,1,250,1,69,0,1,28,18,64,8,0,49,0,1,90,38,81,61,49,7,0,7,0,15,23,62,21,33,38,28,23,25,0,6,6,36,13,16,18,290,0,77,171,999,13,8,-31,0,0,168
45,3,0,3,0,23,Greg,Pyke,21,88,0,0,23,71,3,4,106,7,106,68,25,1,0,74,0,0,3,30,0,0,61,2,63,1009,92,29,76,79,0,3,15,0,0,0,0,0,0,0,70,45,100,6,0,1,0,0,0,0,68,2,1,0,1,79,0,15,23,39,65,1,0,29,0,1,65,27,87,72,57,6,0,6,0,21,20,58,26,28,25,15,27,69,0,6,6,13,29,44,19,21,0,78,165,999,19,1,-31,0,0,46
45,1,0,1,0,11,Justin,Pugh,3264,88,0,520,21,76,3,4,107,7,107,68,28,0,0,96,0,0,0,53,0,0,61,2,19,1009,90,45,70,85,0,3,13,0,0,0,9,0,9,0,205,12,100,0,0,5,0,0,0,0,67,0,5,520,5,71,0,1,30,41,35,5,0,48,0,1,97,33,83,73,59,4,0,4,0,10,28,60,31,37,23,27,47,69,0,6,6,32,23,42,18,3264,0,77,149,999,15,5,-31,0,0,59
45,4,0,4,0,19,Haason,Reddick,977,84,0,540,24,84,0,4,108,7,108,80,23,0,0,91,0,0,0,40,0,0,81,2,13,1009,91,70,52,46,0,2,32,0,0,0,8,0,8,0,208,12,100,0,0,3,0,0,0,0,43,2,4,540,4,72,0,1,23,20,73,1,0,31,0,1,81,29,70,64,46,0,0,0,0,6,13,27,2,57,28,47,22,23,0,13,13,8,4,16,20,977,0,73,75,999,28,1,-31,0,0,184
45,0,0,0,0,23,Matthew,Oplinger,99,89,0,0,24,86,1,4,109,7,109,81,22,0,0,84,0,0,0,44,0,0,82,2,63,1009,76,79,36,42,0,8,37,0,0,0,9,0,9,0,261,45,100,0,0,3,0,0,0,0,49,2,3,0,3,51,0,15,16,43,67,0,0,43,0,1,99,23,69,75,63,0,0,0,0,18,13,64,4,23,25,36,35,49,0,13,13,35,6,19,24,99,0,74,90,999,28,0,-31,0,0,312
45,0,0,0,0,23,Arthur,Moats,39,85,0,0,29,86,0,4,110,7,110,83,30,0,0,93,0,0,3,45,0,0,77,2,18,1009,73,81,46,52,0,7,30,0,0,0,7,0,7,0,91,45,100,0,0,1,0,0,0,0,93,2,1,0,1,82,0,6,30,41,90,8,0,57,0,1,96,22,63,74,61,0,0,0,0,0,18,64,4,26,10,48,38,28,2,13,13,9,24,14,29,39,0,72,86,999,19,8,-31,0,0,346
45,3,0,3,0,48,Gerald,Hodges Jr,34,93,0,0,14,84,0,4,111,7,111,85,27,0,0,84,0,0,1,51,0,0,80,2,24,1009,77,74,52,36,0,11,26,0,0,0,2,0,2,0,164,45,100,0,0,1,4,0,0,0,50,2,1,0,1,86,0,4,39,36,71,5,0,55,0,1,93,26,71,72,54,0,0,0,0,13,35,66,3,26,11,42,3,25,0,13,13,15,2,4,22,34,0,74,76,999,16,5,-31,0,0,443
45,0,0,0,0,35,Vontarrius,Dora,24,92,0,0,25,85,1,4,112,7,112,75,25,0,0,69,0,0,0,62,0,0,71,2,63,1009,90,79,50,47,0,8,24,0,0,0,0,0,0,0,101,45,100,6,0,1,0,0,0,0,59,2,1,0,1,83,0,15,23,30,66,2,0,52,0,1,94,19,70,69,53,4,0,4,0,3,24,48,13,49,8,5,40,23,0,13,13,34,5,26,46,24,0,76,96,999,27,2,-31,0,0,66
45,1,0,1,0,10,D.J.,Humphries,517,74,0,400,12,75,0,4,113,7,113,58,24,0,1,84,0,3,0,25,0,1,58,2,24,1009,91,31,69,68,0,3,16,0,0,0,0,0,0,0,62,12,100,0,0,2,0,0,0,0,74,2,5,400,5,70,0,1,30,15,80,3,0,32,0,1,97,26,88,59,54,2,0,2,0,11,19,70,16,23,18,28,24,31,0,5,5,20,41,18,21,517,0,77,147,999,19,3,-31,0,0,246
45,0,0,0,0,19,John,Wetzel,27,85,0,0,15,80,0,4,114,7,114,62,27,1,1,83,0,0,0,30,0,0,65,2,63,1009,83,37,74,72,1,2,17,0,0,0,0,0,0,0,20,45,100,0,0,1,0,0,0,0,73,2,1,0,1,56,0,15,34,19,28,5,0,50,0,1,81,30,83,62,53,0,0,0,0,15,20,80,28,28,26,15,24,31,0,5,5,20,19,36,19,27,0,79,168,999,16,5,-31,0,0,21
45,1,0,1,0,14,Vinston,Painter,30,80,0,0,25,75,0,4,115,7,115,54,28,0,0,89,0,1,1,22,1,0,51,2,13,1009,88,32,77,69,1,3,18,0,0,0,0,0,0,0,241,45,100,0,0,1,0,0,0,0,78,1,1,0,1,0,0,6,20,27,64,5,0,25,0,1,91,21,87,66,66,2,0,0,0,14,16,58,21,59,21,26,27,37,0,5,5,35,34,26,22,30,0,77,157,999,22,5,-31,0,0,328
45,1,0,1,0,28,Will,Holden,155,82,0,20,25,82,0,4,116,7,116,50,24,1,1,90,0,1,1,30,0,1,55,2,29,1009,97,35,72,71,1,3,21,0,0,0,0,0,0,0,238,45,100,2,0,3,0,0,0,0,69,2,4,20,4,13,0,5,23,15,56,1,0,26,0,1,52,33,83,58,50,3,0,3,0,16,26,32,17,29,30,36,29,26,0,5,5,36,36,18,16,155,0,79,152,999,24,1,-31,0,0,472
45,0,0,0,0,26,Scooby,Wright III,68,88,0,0,33,85,1,4,117,7,117,83,23,0,0,70,0,2,0,52,0,0,85,2,58,1009,92,76,41,52,0,8,37,0,0,0,9,0,9,0,8,45,100,0,0,1,0,0,0,0,56,2,2,0,2,51,0,7,13,18,83,2,0,42,0,1,78,30,68,61,50,3,0,3,0,7,37,51,6,12,15,25,20,66,0,14,14,19,10,37,21,68,0,72,80,999,18,2,-31,0,0,415
45,0,0,0,0,48,Josh,Bynes,323,89,0,63,30,83,1,4,118,7,118,77,28,0,0,79,0,0,0,55,0,1,78,2,63,1009,85,85,49,44,0,3,24,0,0,0,0,0,0,0,14,28,100,0,0,3,0,0,0,0,57,2,3,63,3,56,0,15,30,19,83,7,0,50,0,1,61,28,68,62,46,0,0,4,0,0,8,45,4,12,28,36,16,20,0,14,14,17,17,38,12,323,0,73,75,999,24,7,-31,0,0,68
45,0,0,0,0,26,Andy,Lee,232,88,0,66,78,67,0,4,119,7,119,66,36,0,0,65,0,0,0,26,0,0,54,2,28,1009,90,25,15,18,0,0,16,0,0,0,0,0,0,0,166,45,100,0,0,3,2,0,0,0,2,0,3,66,3,71,0,6,46,17,35,14,0,29,0,1,97,88,49,65,55,0,0,0,0,4,17,87,3,15,7,5,4,18,0,20,20,29,25,0,20,232,0,73,25,999,17,14,-31,0,0,116
45,0,0,0,0,75,Josh,Rosen,1276,91,0,704,13,66,0,7,120,7,120,62,21,0,1,79,0,0,0,37,0,0,57,0,10,1009,88,33,16,29,0,6,53,0,4,0,0,0,0,0,226,12,100,2,0,4,0,0,0,0,3,0,4,704,4,86,0,1,87,40,59,0,0,61,0,1,93,17,75,68,61,1,0,0,0,1,17,77,5,0,10,9,5,11,0,0,0,19,7,8,11,1276,0,76,62,999,14,0,-31,0,0,188
45,0,0,0,0,74,Mike,Glennon,464,91,0,200,40,79,0,4,121,7,121,76,28,0,0,79,0,0,0,41,0,0,75,2,9,1009,85,33,14,21,0,11,50,0,0,0,0,0,0,0,138,45,100,0,0,2,4,0,0,0,7,2,2,200,2,52,0,3,82,31,74,5,0,57,0,1,98,17,63,64,49,1,0,0,0,8,5,75,9,8,0,28,2,20,0,0,0,10,7,4,24,464,0,78,65,999,10,5,-31,0,0,151
12,0,0,0,0,81,Sam,Bradford,1450,83,0,600,25,85,0,4,122,7,122,78,30,0,0,90,0,0,0,41,0,0,73,2,1,1009,81,24,15,22,0,11,53,0,0,0,0,0,0,0,157,4,100,0,0,2,4,0,0,0,9,2,2,600,2,92,0,1,89,53,60,8,0,53,0,1,98,16,59,74,52,1,0,5,0,1,13,79,0,9,5,15,9,8,0,0,0,20,5,7,22,1450,0,76,64,999,14,8,-31,0,0,514
45,0,0,0,0,19,Chandler,Jones,5981,73,0,1240,22,75,0,4,123,7,123,68,28,0,0,80,0,0,0,37,0,1,61,2,21,1009,82,76,55,50,0,3,40,0,0,0,0,0,0,0,205,12,100,0,0,4,0,0,0,0,55,2,5,1240,5,98,0,1,10,37,74,6,0,49,0,1,97,24,73,71,47,2,0,2,0,16,15,71,8,26,14,38,10,52,0,11,11,5,12,18,10,5981,0,77,105,999,12,6,-31,0,0,452
45,0,0,0,0,37,Benson,Mayowa,78,74,0,20,20,81,0,4,124,7,124,78,27,0,0,85,0,0,0,29,0,0,67,2,63,1009,89,69,53,53,0,9,27,0,0,0,9,0,9,0,82,45,100,0,0,1,0,0,0,0,91,2,1,20,1,59,0,15,17,39,68,5,0,36,0,1,98,28,67,72,48,4,0,4,0,9,16,56,7,39,42,16,11,20,1,11,11,19,17,42,20,78,0,75,105,999,25,5,-31,0,0,84
45,0,0,0,0,19,Will,House,99,78,0,0,16,65,0,4,125,7,125,55,23,0,1,80,0,3,3,27,0,1,54,2,63,1009,84,34,66,69,0,3,17,0,0,0,2,0,2,0,265,45,100,0,0,3,0,0,0,0,60,2,3,0,3,59,0,15,30,15,61,0,0,30,0,1,52,20,79,58,58,3,0,3,0,16,21,60,19,36,50,16,10,68,0,8,8,20,23,33,49,99,0,75,154,999,17,0,-31,0,0,319
45,0,0,0,0,16,Evan,Boehm,165,83,0,36,26,84,0,4,126,7,126,59,25,1,0,72,0,1,1,20,0,0,54,2,32,1009,86,29,67,75,0,8,23,0,0,0,9,0,9,0,122,45,100,0,0,2,0,0,0,0,70,0,4,36,4,70,0,4,19,25,69,2,0,28,0,1,97,27,84,65,53,5,0,5,0,16,20,59,27,29,21,2,41,23,0,8,8,18,20,15,21,165,0,75,150,999,8,2,-31,0,0,233
45,2,0,2,0,52,Jeremy,Cash,68,86,0,0,17,84,3,4,127,7,127,81,25,1,0,81,0,0,0,52,0,0,76,2,63,1009,76,75,47,51,0,11,24,0,0,0,7,0,7,0,52,45,100,0,0,1,4,0,0,0,52,2,2,0,2,66,0,15,17,36,79,2,0,20,0,1,83,28,72,72,59,0,0,0,0,20,22,42,5,58,4,2,9,44,1,15,15,21,0,13,38,68,0,72,70,999,16,2,-31,0,0,397
45,1,0,1,0,20,Deone,Bucannon,447,75,0,315,16,85,0,4,128,7,128,83,25,0,0,87,0,2,2,48,0,0,72,2,27,1009,82,74,39,41,0,9,46,0,0,0,0,0,0,0,251,12,100,2,0,1,2,0,0,0,20,2,5,315,5,83,0,1,46,28,84,4,0,22,0,1,55,23,71,68,52,0,0,0,0,12,16,63,3,53,21,27,21,28,0,15,15,23,11,28,39,447,0,73,51,999,24,4,-31,0,0,357
45,1,0,1,0,20,Dennis,Gardeck,99,90,0,0,25,81,2,4,129,7,129,84,24,0,1,67,0,0,0,44,0,0,72,2,63,1009,85,78,37,44,0,8,28,0,0,0,9,0,9,0,265,45,100,0,0,3,0,0,0,0,92,2,3,0,3,14,0,15,37,36,76,0,0,36,0,1,68,27,73,72,58,0,0,0,0,5,8,28,3,17,10,19,9,15,0,15,15,20,3,6,28,99,0,72,82,999,10,0,-31,0,0,121
12,2,0,2,0,32,Andre,Smith,464,77,0,130,18,72,1,4,130,7,130,63,31,0,0,86,0,0,1,27,0,0,67,2,6,1009,81,20,74,72,1,3,24,0,0,0,2,0,2,0,3,4,100,0,0,2,0,0,0,0,71,2,2,130,2,90,0,1,28,18,67,9,0,23,0,1,82,23,83,61,50,5,0,5,0,12,40,56,24,60,27,14,21,47,0,9,9,18,44,15,18,464,0,76,168,999,9,9,-31,0,0,29
45,0,0,0,0,10,Korey,Cunningham,147,71,0,8,20,77,0,4,131,7,131,57,23,1,0,94,0,0,0,47,0,0,49,2,62,1009,82,32,74,68,0,3,21,0,0,0,7,0,7,0,36,45,100,0,0,4,0,0,0,0,79,2,4,8,4,4,0,7,24,19,62,0,0,25,0,1,96,18,83,62,62,0,0,4,0,16,16,61,18,36,48,17,32,35,0,9,9,24,32,26,19,147,0,78,148,999,22,0,-31,0,0,236
45,0,0,0,0,23,A.J.,Howard,99,80,0,0,15,88,0,4,132,7,132,84,22,1,0,70,0,0,0,52,0,0,77,2,63,1009,90,59,23,16,0,10,39,0,0,0,7,0,7,0,7,45,100,0,0,3,0,0,0,0,42,2,3,0,3,84,0,15,25,15,86,0,0,59,0,1,86,16,60,61,51,0,0,0,0,8,15,71,3,22,19,10,10,35,0,18,18,22,3,3,14,99,0,71,43,999,25,0,-31,0,0,136
45,5,0,5,0,30,Ezekiel,Turner,99,80,0,0,18,87,2,4,133,7,133,84,22,0,0,81,0,0,0,56,0,0,82,2,63,1009,87,57,21,30,0,8,51,0,0,0,9,0,0,0,252,45,100,0,0,3,0,0,0,0,47,2,3,0,3,57,0,15,68,15,83,0,0,65,0,1,86,16,56,60,48,4,0,0,0,8,35,65,3,22,15,13,22,18,0,18,18,15,1,6,43,99,0,74,54,999,59,0,-31,0,0,323
45,4,0,4,0,32,Rudy,Ford,147,84,0,12,7,89,0,4,134,7,134,85,23,0,0,71,0,0,0,48,0,0,78,2,48,1009,83,68,16,16,0,7,47,0,0,0,0,0,0,0,14,45,100,0,0,3,0,0,0,0,30,2,4,12,4,71,0,6,62,15,83,1,0,63,0,1,96,18,60,60,45,2,0,2,0,1,31,89,6,20,8,9,16,20,0,18,18,18,2,16,13,147,0,72,42,999,55,1,-31,0,0,102
45,2,0,2,0,26,Budda,Baker,396,93,0,224,9,88,0,4,135,7,135,84,22,0,0,69,0,0,0,63,0,0,81,2,4,1009,78,68,29,30,0,8,34,0,0,0,0,0,0,0,252,45,100,0,0,3,0,0,0,0,36,2,4,224,4,58,0,2,42,21,83,1,0,53,0,1,88,16,64,66,45,0,0,4,0,8,3,87,3,18,12,26,10,48,2,18,18,23,2,3,10,396,0,70,35,999,80,1,-31,0,0,194
45,4,0,4,0,59,Bryce,Williams,21,92,0,0,13,79,2,4,136,7,136,68,25,1,1,76,0,0,0,69,0,0,67,2,63,1009,83,41,51,54,0,10,58,0,0,0,7,0,7,0,54,45,100,0,0,1,0,0,0,0,80,2,1,0,1,4,0,15,23,21,76,2,0,69,0,1,93,22,69,63,47,3,0,3,0,1,21,69,7,48,32,38,11,23,1,4,4,26,10,15,30,21,0,78,99,999,26,2,-31,0,0,54
45,2,0,2,0,20,Andrew,Vollert,99,78,0,0,20,82,1,4,137,7,137,70,23,0,1,74,0,1,0,66,0,0,75,2,63,1009,88,46,52,53,1,6,70,0,0,0,0,0,0,0,253,45,100,0,0,3,0,0,0,0,89,2,3,0,3,44,0,15,36,33,77,0,0,74,0,1,96,18,73,69,58,3,0,3,0,8,13,41,6,31,14,19,32,32,0,4,4,20,9,16,16,99,0,77,85,999,60,0,-31,0,0,59
45,0,0,0,0,26,Ricky,Seals-Jones,59,82,0,0,8,75,0,4,138,7,138,71,23,0,0,75,0,0,1,66,0,0,72,2,63,1009,78,50,51,58,0,9,61,0,0,0,1,0,1,0,215,45,100,0,0,1,0,0,0,0,86,0,2,0,2,91,0,15,45,31,68,1,0,70,0,1,84,23,75,68,52,0,0,0,0,7,28,75,7,28,14,20,9,18,0,4,4,23,6,18,22,59,0,77,83,999,15,1,-31,0,0,83
45,0,0,0,0,57,Gabe,Holmes,68,94,0,0,17,76,0,4,139,7,139,79,27,0,1,82,0,0,0,63,0,0,72,2,63,1009,91,38,58,53,1,1,59,0,0,0,0,0,0,0,169,45,100,0,0,1,0,0,0,0,85,0,2,0,2,30,0,15,57,25,80,3,0,69,0,1,91,17,70,65,51,2,0,2,0,9,13,60,21,29,30,5,13,56,0,4,4,26,5,15,20,68,0,77,95,999,53,3,-31,0,0,294
45,2,0,2,0,48,Jermaine,Gresham,2030,84,0,520,15,82,2,4,140,7,140,82,30,0,1,80,0,0,0,75,0,0,66,2,21,1009,82,36,51,43,0,1,58,0,0,0,1,0,1,0,157,12,100,0,0,3,0,0,0,0,84,1,4,520,4,54,0,1,31,25,69,8,0,65,0,1,86,12,73,65,46,0,0,4,0,7,31,50,5,52,16,11,19,29,0,4,4,22,6,13,15,2030,0,77,100,999,33,8,-31,0,0,456
45,4,0,4,0,48,Aaron,Brewer,241,95,0,40,12,80,0,4,141,7,141,71,28,0,1,82,0,0,0,65,0,0,68,2,63,1009,86,41,49,62,0,10,64,0,0,0,7,0,7,0,180,45,100,0,0,4,0,0,0,0,46,0,4,40,4,83,0,15,49,29,68,6,0,68,0,1,88,21,66,67,52,0,0,0,0,9,3,64,14,10,31,20,20,23,1,4,4,31,17,17,16,241,0,77,72,999,60,6,-31,0,0,397
45,4,0,4,0,24,Carlton,Agudosi,24,93,0,0,18,87,3,4,142,7,142,86,24,2,0,84,0,0,0,86,0,0,90,2,63,1009,90,24,37,40,0,11,59,0,0,0,0,0,9,0,175,15,100,0,0,1,4,0,0,0,19,0,1,0,1,92,0,15,54,47,83,1,0,68,0,1,96,16,55,76,55,0,0,2,0,1,9,48,1,21,6,4,5,36,0,3,3,20,4,7,13,24,0,78,60,999,63,1,-31,0,0,251
45,2,0,2,0,17,Christian,Kirk,342,90,0,180,10,90,1,4,143,7,143,88,21,1,0,79,0,0,0,85,0,0,90,2,15,1009,81,34,18,31,0,0,71,0,0,0,0,0,7,0,215,15,100,0,0,4,0,0,0,0,13,0,4,180,4,86,0,2,31,47,87,0,0,66,0,1,85,21,61,76,42,0,0,0,0,1,31,78,0,16,8,5,7,40,0,3,3,27,5,11,36,342,0,71,40,999,42,0,-31,0,0,426
45,4,0,4,0,65,Chad,Williams,184,88,0,48,10,91,3,4,144,7,144,90,23,0,0,77,0,0,0,85,0,0,87,2,34,1009,89,37,23,38,0,7,65,0,0,0,1,0,1,0,72,15,100,0,0,3,2,0,0,0,10,2,4,48,4,75,0,3,38,45,88,1,0,60,0,1,80,25,43,75,47,3,0,3,0,2,3,80,1,14,11,2,1,21,0,3,3,13,11,1,17,184,0,73,44,999,57,1,-31,0,0,32
45,4,0,4,0,24,J.J.,Nelson,144,94,0,16,12,87,0,4,145,7,145,93,26,2,1,61,0,0,0,78,0,0,87,2,23,1009,88,29,22,40,0,8,75,0,0,0,7,0,7,0,224,45,100,0,0,1,0,0,0,0,14,2,4,16,4,86,0,5,32,35,77,3,0,72,0,1,77,16,43,70,45,0,0,0,0,6,12,83,11,21,18,9,19,20,0,3,3,21,4,12,13,144,0,70,0,999,69,3,-31,0,0,26
12,3,0,3,0,36,Larry,Fitzgerald,798,83,0,0,14,83,0,4,146,7,146,88,34,0,0,70,0,0,0,81,0,0,86,2,3,1009,87,26,24,35,0,0,55,0,0,0,0,0,9,0,166,15,100,0,0,1,0,0,0,0,11,2,2,0,2,58,0,1,47,39,84,14,0,68,0,1,94,14,58,72,53,4,0,0,0,0,10,42,0,3,8,5,5,18,1,3,3,18,1,15,34,798,0,75,58,999,65,14,-31,0,0,167
45,4,0,4,0,18,Brice,Butler,151,83,0,32,11,90,2,4,147,7,147,92,28,2,1,64,0,0,0,83,0,0,89,2,17,1009,80,27,16,35,0,0,57,0,0,0,0,0,0,0,180,45,100,3,0,2,0,0,0,0,12,1,2,32,2,77,0,7,27,47,81,5,0,72,0,1,98,21,47,76,56,3,0,3,0,0,9,57,1,19,8,7,8,30,0,3,3,19,12,20,8,151,0,75,60,999,28,5,-31,0,0,483
45,0,0,0,0,43,John,Sullivan,906,72,0,162,14,82,0,4,148,24,148,77,33,0,1,86,0,0,0,35,0,0,67,2,27,1009,83,15,71,78,0,3,34,0,0,0,0,0,0,0,152,45,100,0,0,2,0,0,0,0,65,0,2,162,2,58,0,6,10,43,54,10,0,28,0,1,95,23,88,74,56,0,0,0,0,25,23,46,33,28,23,16,33,38,1,7,7,34,16,20,22,906,0,76,151,999,5,10,-31,0,0,400
45,1,0,1,0,12,Aaron,Neary,59,79,0,0,29,70,0,4,149,24,149,67,25,0,0,94,0,1,1,54,0,0,68,2,63,1009,94,35,75,77,0,2,10,0,0,0,0,0,0,0,59,45,100,0,0,1,2,0,0,0,72,2,2,0,2,83,0,15,25,35,68,2,0,36,0,1,98,36,82,70,60,3,0,3,0,17,16,59,18,23,32,15,19,52,0,7,7,10,22,17,14,59,0,76,140,999,17,2,-31,0,0,318
45,0,0,0,0,15,Brian,Allen,183,82,0,48,23,73,0,4,150,24,150,53,22,0,0,73,0,0,0,50,0,0,80,2,15,1009,90,58,80,79,0,3,24,0,0,0,0,0,8,0,118,45,100,0,0,4,0,0,0,0,55,2,4,48,4,79,0,4,12,33,50,0,0,63,0,1,61,22,84,69,47,0,0,0,0,17,24,55,31,53,21,14,24,32,0,7,7,20,11,40,42,183,0,74,144,999,5,0,-31,0,0,222
45,0,0,0,0,19,Aqib,Talib,4132,93,0,462,29,89,3,4,151,24,151,94,32,0,0,73,0,0,0,56,0,0,82,2,20,1009,94,61,27,32,0,0,41,0,0,0,1,0,1,0,95,12,100,0,0,2,2,0,0,0,21,2,6,462,6,76,0,1,29,28,95,10,0,69,0,1,68,11,58,69,48,3,0,3,0,2,11,81,1,18,21,7,4,22,0,16,16,27,10,13,12,4132,0,73,47,999,53,10,-31,0,0,300
45,2,0,2,0,44,Sam,Shields,87,91,0,0,13,92,3,4,152,24,152,95,30,0,0,68,0,0,0,58,0,0,80,2,63,1009,97,46,31,25,0,0,42,0,0,0,0,0,0,0,115,30,100,0,0,1,0,0,0,0,37,2,1,0,1,69,0,15,12,23,85,8,0,48,0,1,89,11,64,67,46,0,0,0,0,5,24,79,2,20,25,14,23,29,0,16,16,14,1,4,40,87,0,71,18,999,29,8,-31,0,0,326
45,2,0,2,0,23,Nickell,Robey-Coleman,1136,87,0,333,7,95,2,4,153,24,153,95,26,0,0,70,0,0,0,73,0,0,81,2,63,1009,83,37,33,48,0,0,44,0,0,0,0,0,0,0,231,30,100,0,0,3,0,0,0,0,23,2,3,333,3,8,0,15,34,38,81,5,0,43,0,1,99,12,54,74,59,2,0,2,0,4,23,90,2,22,10,27,8,49,0,16,16,19,6,8,23,1136,0,68,19,999,52,5,-31,0,0,247
45,3,0,3,0,24,Kevin,Peterson,59,87,0,0,12,87,3,4,154,24,154,97,24,0,1,78,0,0,0,58,0,0,87,2,63,1009,93,49,28,25,0,7,48,0,0,0,7,0,7,0,158,7,100,0,0,1,0,0,0,0,25,2,2,0,2,59,0,15,16,30,85,2,0,75,0,1,82,20,64,70,51,0,0,0,0,2,11,84,5,26,6,19,29,14,0,16,16,18,12,9,21,59,0,71,28,999,67,2,-31,0,0,181
45,0,0,0,0,19,Marcus,Peters,556,86,0,480,13,90,0,4,155,24,155,86,25,0,0,78,0,0,0,48,0,0,84,2,18,1009,97,45,32,34,0,0,56,0,0,0,0,0,7,0,252,12,100,0,0,2,0,0,0,0,22,2,5,480,5,54,0,1,68,15,84,3,0,59,0,1,99,40,70,58,40,0,0,4,0,2,8,85,1,17,5,21,6,34,1,16,16,16,13,17,14,556,0,72,36,999,48,3,-31,0,0,101
45,4,0,4,0,16,Taurean,Nixon,70,84,0,0,12,93,0,4,156,24,156,89,27,0,1,56,0,0,0,57,0,0,94,2,59,1009,86,35,28,26,0,11,62,0,0,0,0,0,8,0,221,45,100,0,0,2,4,0,0,0,31,2,2,0,2,16,0,7,62,15,83,3,0,75,0,1,76,30,47,63,46,0,0,0,0,6,10,72,19,19,2,2,5,19,0,16,16,36,3,3,8,70,0,70,26,999,29,3,-31,0,0,516
45,4,0,4,0,38,Troy,Hill,30,89,0,0,13,90,3,4,157,24,157,87,26,0,0,67,0,0,0,55,0,0,80,2,63,1009,82,39,34,42,0,0,31,0,0,0,0,0,0,0,160,45,100,0,0,1,0,0,0,0,32,2,1,0,1,64,0,15,27,25,86,3,0,66,0,1,92,17,59,68,65,0,0,0,0,2,14,83,1,33,7,16,5,21,0,16,16,35,0,7,25,30,0,71,24,999,47,3,-31,0,0,134
45,4,0,4,0,31,Dominique,Hatfield,70,94,0,0,12,88,1,4,158,24,158,90,23,0,0,74,0,0,0,47,0,0,78,2,63,1009,92,49,26,32,0,7,33,0,0,0,7,0,7,0,233,45,100,0,0,2,0,0,0,0,36,2,2,0,2,70,0,15,47,21,85,1,0,51,0,1,94,33,50,66,64,0,0,2,0,0,26,76,0,22,6,29,7,20,0,16,16,18,0,4,6,70,0,70,18,999,79,1,-31,0,0,326
12,0,0,0,0,37,Ndamukong,Suh,1015,79,0,560,29,76,0,4,159,24,159,73,31,1,1,90,0,2,0,23,0,0,68,2,2,1009,85,71,39,66,0,2,14,0,0,0,9,0,0,0,142,4,100,0,0,1,2,0,0,0,93,2,1,560,1,0,0,1,30,24,50,8,0,58,0,1,94,23,79,66,46,6,0,6,0,11,23,60,24,68,11,29,19,25,0,12,12,20,19,31,26,1015,0,76,153,999,14,8,-31,0,0,483
45,3,0,3,0,46,Sebastian,Joseph-Day,152,95,0,12,24,79,2,4,160,24,160,64,23,0,0,90,0,0,0,24,0,1,56,2,21,1009,89,86,37,46,0,3,22,0,0,0,0,0,0,0,175,45,100,6,0,4,0,0,0,0,69,1,4,12,4,83,0,6,34,41,63,0,0,38,0,1,93,20,84,74,46,5,0,5,0,15,17,56,14,26,45,7,20,14,1,12,12,5,17,19,22,152,0,76,150,999,24,0,-31,0,0,161
45,2,0,2,0,19,Chunky,Clements,24,75,0,0,14,85,0,4,161,24,161,67,23,0,0,80,0,2,0,17,0,0,62,2,63,1009,97,65,45,48,0,3,19,0,0,0,0,0,9,0,84,45,100,0,0,1,0,0,0,0,67,2,1,0,1,0,0,15,16,30,79,1,0,56,0,1,97,31,82,69,55,0,0,0,0,14,22,50,21,18,20,14,20,31,0,12,12,39,48,24,17,24,0,75,141,999,13,1,-31,0,0,252
45,2,0,2,0,16,Lamarcus,Joyner,818,88,0,451,19,86,0,4,162,24,162,90,27,0,0,73,0,0,0,59,0,0,76,2,9,1009,87,54,39,40,0,8,62,0,0,0,1,0,1,0,64,45,100,0,0,1,0,0,0,0,20,2,1,451,1,87,0,2,48,24,86,4,0,60,0,1,93,13,63,66,52,2,0,2,0,7,27,88,9,29,2,20,11,49,0,17,17,45,15,8,26,818,0,68,31,999,47,4,-31,0,0,283
45,0,0,0,0,32,Isaiah,Johnson,77,88,0,0,14,87,1,4,163,24,163,88,26,0,0,82,0,0,0,61,0,0,82,2,63,1009,88,55,23,37,0,8,52,0,0,0,8,0,8,0,71,45,100,0,0,1,2,0,0,0,27,2,2,0,2,55,0,15,31,26,86,3,0,60,0,1,96,19,74,67,48,0,0,2,0,2,19,80,6,37,13,24,10,22,0,17,17,11,2,2,27,77,0,73,49,999,42,3,-31,0,0,103
45,0,0,0,0,33,Marqui,Christian,148,89,0,16,13,88,0,4,164,24,164,85,23,0,1,70,0,0,0,50,0,0,83,2,39,1009,93,63,29,22,0,8,34,0,0,0,7,0,7,0,269,45,100,0,0,2,0,0,0,0,41,2,4,16,4,98,0,5,25,16,83,2,0,67,0,1,56,22,56,62,46,0,0,0,0,15,34,68,5,34,9,38,1,7,0,17,17,33,0,5,12,148,0,71,47,999,33,2,-31,0,0,174
45,4,0,4,0,33,John,Kelly,154,94,0,12,9,90,0,4,165,24,165,86,21,0,0,90,0,0,0,64,0,0,88,2,16,1009,82,28,34,23,0,7,66,0,0,0,7,0,7,0,211,45,100,0,0,4,2,0,0,0,42,2,4,12,4,82,0,6,24,31,83,0,0,83,0,1,99,19,51,67,53,0,0,0,0,4,17,67,5,7,10,11,1,27,1,1,1,31,3,5,17,154,0,70,45,999,63,0,-31,0,0,215
45,3,0,3,0,33,Todd,Gurley II,4169,89,0,882,9,90,0,4,166,24,166,85,24,0,0,78,0,0,0,55,0,0,86,2,10,1009,77,24,36,21,0,7,61,0,0,0,0,0,8,0,70,12,100,0,0,6,0,0,1,0,30,2,6,882,6,99,0,1,54,17,71,3,0,70,0,1,91,18,59,60,45,0,0,0,0,1,23,96,1,6,9,12,11,20,1,1,1,16,0,8,43,4169,0,73,66,999,81,3,-31,0,0,484
45,5,0,5,0,65,Justin,Davis,97,89,0,3,5,85,2,4,167,24,167,86,22,0,1,91,0,0,0,57,0,0,78,2,63,1009,95,23,36,32,0,8,61,0,0,0,7,0,7,0,231,45,100,0,0,2,0,0,0,0,33,2,3,3,3,60,0,15,34,17,79,1,0,74,0,1,64,25,73,60,48,2,0,2,0,5,8,64,8,37,22,34,7,8,0,1,1,29,2,2,15,97,0,73,39,999,35,1,-31,0,0,486
45,2,0,2,0,60,Malcolm,Brown,27,84,0,0,8,92,1,4,168,24,168,88,25,0,0,75,0,0,0,56,0,0,85,2,63,1009,81,25,46,21,0,8,62,0,0,0,1,0,1,0,214,45,100,0,0,1,0,0,0,0,34,2,1,0,1,83,0,15,29,25,82,3,0,76,0,1,97,24,67,64,46,3,0,3,0,6,13,63,2,26,5,1,12,16,0,1,1,21,4,6,16,27,0,71,62,999,64,3,-31,0,0,495
45,0,0,0,0,36,Greg,Zuerlein,392,83,0,120,85,62,0,4,169,24,169,70,30,0,0,56,0,0,0,30,0,0,64,2,11,1009,85,22,11,16,0,0,18,0,0,0,0,0,0,0,265,45,100,0,0,2,0,0,0,0,4,2,3,120,3,66,0,6,38,32,71,6,0,40,0,1,99,88,38,71,50,0,0,0,0,12,15,64,5,11,7,4,14,25,0,19,19,14,24,1,24,392,0,72,31,999,12,6,-31,0,0,423
45,2,0,2,0,31,Sam,Ficken,21,87,0,0,79,63,0,4,170,24,170,70,25,0,0,50,0,0,0,18,0,0,54,2,63,1009,87,29,19,16,0,0,19,0,0,0,8,0,8,0,164,45,100,0,0,1,0,0,0,0,5,0,1,0,1,58,0,15,27,28,72,3,0,59,0,1,99,93,26,69,50,2,0,2,0,3,6,83,6,24,6,11,12,19,0,19,19,27,12,10,2,21,0,73,32,999,13,3,-31,0,0,114
45,3,0,3,0,18,Ethan,Westbrooks,174,92,0,32,10,80,0,4,171,24,171,82,27,0,0,83,0,1,1,30,0,0,74,2,63,1009,76,65,49,54,0,3,17,0,0,0,0,0,0,0,247,45,100,0,0,1,0,0,0,0,95,2,2,32,2,94,0,15,23,37,82,4,0,22,0,1,63,40,68,71,42,0,0,0,0,9,15,47,8,26,18,7,24,64,0,10,10,8,31,19,22,174,0,76,125,999,17,4,-31,0,0,331
45,4,0,4,0,12,Justin,Lawler,147,74,0,8,19,74,0,4,172,24,172,64,23,0,1,89,0,3,3,35,1,0,59,2,52,1009,91,69,49,52,0,3,23,0,0,0,0,0,9,0,192,45,100,0,0,4,0,0,0,0,53,2,4,8,4,57,0,7,28,23,78,0,0,38,0,1,99,21,73,64,44,0,0,0,0,25,15,59,14,14,14,6,36,63,0,10,10,19,14,14,21,147,0,76,106,999,18,0,-31,0,0,68
45,0,0,0,0,24,Morgan,Fox,94,77,0,0,23,81,3,4,173,24,173,77,23,0,0,67,0,0,0,26,0,0,69,2,63,1009,88,74,46,46,0,12,18,0,0,0,0,0,0,0,42,45,100,5,0,1,4,0,0,0,97,2,3,0,3,88,0,15,29,41,68,2,0,44,0,1,97,24,67,73,42,0,0,4,0,20,15,65,5,54,35,15,26,49,0,10,10,16,16,8,29,94,0,75,115,999,12,2,-31,0,0,135
12,2,0,2,0,25,Michael,Brockers,2411,72,0,728,11,78,0,4,174,24,174,68,27,0,0,79,0,2,0,56,0,0,66,2,14,1009,91,75,50,50,0,2,18,0,0,0,0,0,8,0,106,4,100,0,0,2,0,0,0,0,90,2,4,728,4,65,0,1,18,41,73,6,0,61,0,1,91,27,71,73,54,0,0,5,0,6,15,64,6,54,18,38,5,25,0,10,10,14,26,15,17,2411,0,77,144,999,18,6,-31,0,0,301
45,1,0,1,0,34,Rodger,Saffold III,2300,80,0,440,19,81,0,4,175,24,175,69,30,1,0,88,0,0,1,26,0,0,52,2,1,1009,94,34,75,66,0,3,20,0,0,0,0,0,0,0,86,45,100,0,0,1,2,0,0,0,76,1,5,440,5,53,0,2,30,27,61,8,0,51,0,1,94,17,86,66,55,0,0,0,0,27,22,84,16,23,46,6,39,31,0,6,6,20,18,28,23,2300,0,77,164,999,22,8,-31,0,0,89
45,0,0,0,0,18,Jamil,Demby,152,87,0,12,32,85,0,4,176,24,176,50,22,1,0,84,0,1,0,30,0,0,53,2,32,1009,76,29,68,70,0,12,23,0,0,0,2,0,2,0,108,45,100,0,0,4,4,0,0,0,64,2,4,12,4,2,0,6,23,18,64,0,0,35,0,1,53,17,86,61,49,5,0,0,0,17,10,52,18,31,28,10,46,33,0,6,6,28,18,20,17,152,0,77,161,999,11,0,-31,0,0,42
45,3,0,3,0,24,Austin,Blythe,139,87,0,8,18,79,0,4,177,24,177,61,26,0,0,81,0,2,0,38,0,0,55,2,56,1009,97,33,74,68,0,3,18,0,0,0,2,0,2,0,89,45,100,0,0,2,0,0,0,0,66,2,4,8,4,56,0,7,25,25,46,2,0,52,0,1,98,17,88,65,52,6,0,6,0,11,23,79,19,32,17,34,27,25,0,6,6,27,26,22,20,139,0,75,139,999,10,2,-31,0,0,197
45,3,0,3,0,51,Carlos,Thompson,68,94,0,0,18,81,0,4,178,24,178,77,26,0,0,80,0,0,0,46,0,1,73,2,63,1009,88,79,40,47,0,11,23,0,0,0,0,0,0,0,159,45,100,0,0,1,4,0,0,0,53,2,2,0,2,0,0,15,32,34,79,3,0,34,0,1,92,26,72,71,60,0,0,0,0,11,14,75,8,25,10,20,11,52,0,13,13,36,6,37,20,68,0,77,90,999,16,3,-31,0,0,428
45,2,0,2,0,52,Garrett,Sickels,21,89,0,0,14,84,0,4,179,24,179,87,23,0,0,79,0,0,0,53,0,0,73,2,63,1009,88,72,51,54,0,11,35,0,0,0,8,0,8,0,164,45,100,0,0,1,4,0,0,0,56,2,1,0,1,73,0,15,44,28,73,1,0,34,0,1,98,29,62,68,53,5,0,5,0,6,24,72,10,25,29,15,30,25,0,13,13,18,10,1,37,21,0,76,93,999,19,1,-31,0,0,208
45,3,0,3,0,33,Samson,Ebukam,174,81,0,40,15,90,0,4,180,24,180,76,23,0,0,66,0,0,0,57,1,0,71,2,29,1009,83,67,48,37,0,3,34,0,0,0,0,0,0,0,59,45,100,2,0,3,0,0,0,0,50,2,4,40,4,36,0,4,26,24,78,1,0,30,0,1,88,30,80,66,52,6,0,6,0,4,16,81,1,18,23,26,22,44,0,13,13,11,2,15,22,174,0,75,83,999,21,1,-31,0,0,408
45,0,0,0,0,23,Andrew,Whitworth,2447,84,0,600,13,80,2,4,181,24,181,65,36,0,0,84,0,0,0,32,0,0,57,2,23,1009,88,40,72,72,0,9,29,0,0,0,0,0,0,0,106,45,100,1,0,2,2,0,0,0,77,2,3,600,3,61,0,2,17,25,66,12,0,60,0,1,93,29,90,65,60,0,0,0,0,15,39,45,21,16,26,33,50,64,0,5,5,22,20,48,22,2447,0,79,172,999,7,12,-31,0,0,155
45,1,0,1,0,12,Joseph,Noteboom,200,83,0,56,21,72,0,4,182,24,182,61,23,0,0,88,0,0,1,30,0,1,56,2,25,1009,80,27,73,75,0,3,23,0,0,0,0,0,0,0,207,45,100,0,0,4,0,0,0,0,70,2,4,56,4,73,0,3,22,16,67,0,0,25,0,1,80,29,84,60,49,0,0,0,0,15,17,68,23,41,47,19,21,62,0,5,5,34,27,21,18,200,0,77,162,999,19,0,-31,0,0,413
45,3,0,3,0,24,Cornelius,Lucas,38,86,0,7,23,82,0,4,183,24,183,57,27,0,0,73,0,0,0,40,1,0,60,2,63,1009,94,30,70,68,0,8,38,0,0,0,2,0,2,0,96,45,100,0,0,1,0,0,0,0,73,2,1,7,1,76,0,15,22,16,53,4,0,27,0,1,90,16,83,60,60,0,0,0,0,18,18,67,18,20,24,9,29,63,0,5,5,30,20,20,22,38,0,81,169,999,15,4,-31,0,0,3
45,3,0,3,0,19,Ramik,Wilson,32,92,0,4,21,82,0,4,184,24,184,77,26,0,0,82,0,3,3,51,1,0,73,2,22,1009,91,82,49,49,0,9,32,0,0,0,2,0,2,0,70,45,100,0,0,1,0,0,0,0,52,2,1,4,1,95,0,4,47,18,71,3,0,43,0,1,98,29,67,61,51,4,0,4,0,15,14,54,11,20,7,19,9,69,0,14,14,22,6,16,18,32,0,74,78,999,20,3,-31,0,0,119
45,3,0,3,0,33,Tegray,Scales,99,87,0,0,24,87,0,4,185,24,185,79,22,0,0,76,0,0,0,55,1,0,77,2,63,1009,80,76,45,53,0,3,29,0,0,0,8,0,8,0,86,45,100,0,0,3,0,0,0,0,46,2,3,0,3,8,0,15,20,27,77,0,0,46,0,1,87,22,78,66,55,2,0,2,0,5,38,62,1,66,15,42,8,18,0,14,14,7,19,15,17,99,0,72,67,999,21,0,-31,0,0,338
45,0,0,0,0,19,Cory,Littleton,94,91,0,0,31,87,0,4,186,24,186,75,24,0,1,65,0,0,1,48,1,0,74,2,63,1009,82,78,45,48,0,10,30,0,0,0,0,0,0,0,252,45,100,0,0,1,0,0,0,0,58,2,3,0,3,89,0,15,54,16,77,2,0,32,0,1,93,16,76,60,45,0,0,0,0,6,11,78,9,33,18,15,21,25,0,14,14,20,7,27,20,94,0,75,67,999,25,2,-31,0,0,332
45,1,0,1,0,16,Travin,Howard,148,91,0,8,17,83,0,4,187,24,187,74,22,1,0,75,0,1,1,43,0,1,77,2,39,1009,82,86,43,47,0,9,32,0,0,0,8,0,8,0,207,28,100,0,0,4,0,0,0,0,48,2,4,8,4,68,0,7,27,31,82,0,0,37,0,1,97,31,72,68,55,0,0,0,0,1,39,64,3,25,11,34,4,18,0,14,14,28,26,11,21,148,0,73,56,999,13,0,-31,0,0,371
45,3,0,3,0,44,Bryce,Hager,136,88,0,8,23,85,1,4,188,24,188,81,26,0,0,72,0,0,0,56,0,0,71,2,32,1009,81,77,49,42,0,8,29,0,0,0,0,0,0,0,17,45,100,0,0,1,0,0,0,0,54,2,4,8,4,8,0,7,13,15,78,3,0,49,0,1,94,23,68,59,50,2,0,2,0,2,16,24,5,46,4,38,29,56,1,14,14,19,4,15,23,136,0,73,77,999,12,3,-31,0,0,196
12,4,0,4,0,27,Mark,Barron,3262,85,0,600,15,86,1,4,189,24,189,81,28,0,0,84,0,0,0,62,0,0,79,2,7,1009,84,81,47,43,1,8,25,0,0,0,7,0,7,0,3,4,100,0,0,3,0,0,0,0,26,2,5,600,5,4,0,1,14,21,79,6,0,37,0,1,51,34,73,63,48,0,0,0,0,2,36,83,7,52,21,17,29,26,1,14,14,23,1,18,26,3262,0,74,70,999,18,6,-31,0,0,473
45,0,0,0,0,31,Johnny,Hekker,1509,81,0,216,79,60,0,4,190,24,190,75,28,0,0,49,0,0,0,27,0,0,55,2,63,1009,91,27,11,22,0,0,23,0,0,0,0,0,9,0,161,45,100,0,0,5,0,0,0,0,6,0,6,216,6,4,0,15,37,27,33,6,0,28,0,1,91,91,45,70,53,0,0,0,0,2,19,87,1,9,16,5,17,20,0,20,20,23,2,5,6,1509,0,77,81,999,15,6,-31,0,0,25
45,3,0,0,0,70,Sean,Mannion,189,88,0,44,35,75,0,4,191,24,191,74,26,0,0,81,0,0,0,28,0,0,79,2,25,1009,90,34,12,25,0,6,42,0,0,0,0,0,0,0,161,45,100,0,0,1,0,0,0,0,14,2,4,44,4,96,0,3,84,27,76,3,0,55,0,1,93,30,52,62,49,1,0,2,0,0,5,67,6,10,12,15,7,12,0,0,0,20,11,5,11,189,0,78,67,999,21,3,-31,0,0,420
45,0,0,0,0,75,Jared,Goff,2025,92,0,1120,16,79,0,4,192,24,192,70,23,0,1,87,0,0,0,57,0,0,81,2,1,1009,84,24,18,12,0,0,64,0,0,0,0,0,8,0,28,12,100,0,0,2,0,0,0,0,16,2,4,1120,4,86,0,1,80,31,52,2,0,61,0,1,95,15,64,64,49,1,0,5,0,1,4,42,2,7,5,9,5,4,0,0,0,19,7,4,20,2025,0,76,63,999,8,2,-31,0,0,424
45,0,0,0,0,82,Brandon,Allen,143,88,0,8,49,80,0,4,193,24,193,73,25,0,0,85,0,0,0,33,0,0,72,2,41,1009,91,18,12,17,0,6,47,0,0,0,0,0,0,0,10,45,100,0,0,2,0,0,0,0,8,2,4,8,4,68,0,6,85,46,72,2,0,55,0,1,75,17,56,71,52,1,0,2,0,6,19,78,3,10,6,11,2,14,0,0,0,26,6,8,29,143,0,74,49,999,5,2,-31,0,0,287
45,1,0,1,0,10,Tanzel,Smart,149,76,0,12,33,75,0,4,194,24,194,69,23,0,0,94,0,0,2,36,0,0,55,2,29,1009,79,71,49,48,0,10,33,0,0,0,0,0,0,0,221,45,100,0,0,3,0,0,0,0,92,2,4,12,4,54,0,6,28,29,68,1,0,38,0,1,92,36,70,67,52,7,0,7,0,20,12,60,18,38,36,13,9,46,0,11,11,19,25,33,45,149,0,73,133,999,21,1,-31,0,0,405
45,3,0,3,0,21,John,Franklin-Myer,169,95,0,32,10,78,0,4,195,24,195,68,21,0,0,78,0,1,1,31,0,0,55,2,39,1009,87,73,59,51,0,9,15,0,0,0,0,0,0,0,265,45,100,2,0,4,0,0,0,0,57,2,4,32,4,51,0,4,25,35,64,0,0,44,0,1,93,17,79,70,40,0,0,0,0,12,16,63,10,69,24,23,29,38,0,11,11,18,9,12,45,169,0,76,130,999,28,0,-31,0,0,179
45,3,0,3,0,13,Dominique,Easley,107,82,0,4,12,76,0,4,196,24,196,75,26,0,0,91,0,0,0,36,0,0,65,2,29,1009,88,73,44,55,0,3,22,0,0,0,0,0,0,0,62,12,100,0,0,1,0,0,0,0,91,2,1,4,1,7,0,1,23,35,88,4,0,64,0,1,54,28,68,70,44,5,0,5,0,9,14,68,8,55,20,5,22,30,0,11,11,29,39,16,22,107,0,74,103,999,15,4,-31,0,0,456
45,1,0,1,0,24,Ryan,Davis,34,78,0,0,13,84,2,4,197,24,197,84,29,0,0,86,0,2,2,29,0,0,73,2,63,1009,83,65,47,55,0,3,46,0,0,0,0,0,0,0,18,45,100,0,0,1,0,0,0,0,98,2,1,0,1,91,0,15,47,41,66,6,0,61,0,1,99,23,69,73,41,3,0,0,0,6,13,62,10,27,20,14,26,25,0,11,11,19,15,8,25,34,0,74,100,999,22,6,-31,0,0,350
45,2,0,2,0,27,Jake,Eldrenkamp,61,85,0,0,17,73,1,4,198,24,198,74,24,0,0,82,0,3,0,22,0,0,56,2,63,1009,94,28,66,65,0,3,15,0,0,0,0,0,0,0,252,7,100,0,0,2,0,0,0,0,60,2,2,0,2,79,0,15,28,23,59,1,0,35,0,1,97,20,93,64,54,5,0,5,0,16,20,60,35,59,12,19,36,32,1,8,8,32,19,20,33,61,0,77,143,999,15,1,-31,0,0,263
45,0,0,0,0,17,Jamon,Brown,189,90,0,52,21,68,1,4,199,24,199,56,25,0,0,80,0,1,0,33,0,0,55,2,8,1009,83,32,68,75,0,12,23,0,0,0,0,0,0,0,105,45,100,0,0,1,4,0,0,0,68,0,4,52,4,77,0,3,38,18,63,3,0,33,0,1,95,28,83,61,50,5,0,0,0,14,10,79,22,50,37,26,24,66,0,8,8,21,22,21,26,189,0,76,180,999,9,3,-31,0,0,364
45,3,0,3,0,44,Ejuan,Price,70,82,0,0,22,86,0,4,200,24,200,81,25,0,0,89,0,0,0,47,0,0,78,2,42,1009,83,72,40,38,0,7,55,0,0,0,8,0,8,0,166,45,100,0,0,2,2,0,0,0,51,2,2,0,2,59,0,7,43,32,80,1,0,46,0,1,92,19,76,70,55,0,0,7,0,6,8,86,4,43,33,13,7,25,0,15,15,18,10,4,20,70,0,72,93,999,18,1,-31,0,0,183
45,0,0,0,0,32,Ogbonnia,Okoronkwo,159,92,0,20,16,84,0,4,201,24,201,84,23,1,0,89,0,0,0,43,0,0,79,2,32,1009,80,71,37,46,0,2,55,0,0,0,0,0,0,0,157,7,100,3,0,4,0,0,0,0,45,2,4,20,4,81,0,5,24,36,84,0,0,35,0,1,61,28,86,72,54,6,0,0,0,10,24,67,7,31,20,29,8,31,1,15,15,5,21,9,20,159,0,74,93,999,25,0,-31,0,0,286
45,0,0,0,0,56,Matt,Longacre,111,85,0,0,17,83,0,4,202,24,202,75,26,0,0,90,0,0,1,40,1,0,75,2,63,1009,79,69,53,51,1,8,28,0,0,0,0,0,0,0,265,45,100,2,0,1,0,0,0,0,96,2,1,0,1,15,0,15,24,22,83,3,0,62,0,1,70,29,69,65,60,2,0,2,0,2,14,67,12,32,11,12,18,39,1,15,15,22,29,17,22,111,0,75,105,999,30,3,-31,0,0,213
45,0,0,0,0,27,Darrell,Williams,30,79,0,6,26,69,0,4,203,24,203,54,25,0,0,91,0,2,0,25,0,0,58,2,63,1009,85,41,74,67,0,2,20,0,0,0,0,0,0,0,232,45,100,0,0,1,0,0,0,0,63,1,1,6,1,31,0,15,16,18,70,3,0,23,0,1,97,23,85,61,61,0,0,3,0,18,36,42,22,30,34,31,13,49,0,9,9,23,15,35,32,30,0,77,144,999,19,3,-31,0,0,499
45,0,0,0,0,10,Rob,Havenstein,230,80,0,112,26,78,0,4,204,24,204,64,26,2,0,81,0,0,0,30,0,1,58,2,25,1009,89,39,74,74,0,2,20,0,0,0,2,0,2,0,258,45,100,0,0,1,0,0,0,0,79,2,4,112,4,45,0,2,18,15,66,3,0,28,0,1,87,29,77,59,48,5,0,5,0,15,38,59,20,25,23,8,24,29,0,9,9,6,20,19,33,230,0,80,169,999,5,3,-31,0,0,64
45,4,0,4,0,51,John,Johnson,189,93,0,52,10,89,3,4,205,24,205,86,22,1,0,69,0,0,0,52,0,0,80,2,27,1009,94,56,27,26,0,8,38,0,0,0,9,0,9,0,20,45,100,0,0,3,0,0,0,0,43,2,4,52,4,86,0,3,42,15,81,1,0,54,0,1,59,11,63,61,51,0,0,0,0,3,11,99,7,23,22,27,11,25,0,18,18,20,11,6,9,189,0,73,47,999,28,1,-31,0,0,434
45,5,0,5,0,24,Blake,Countess,94,88,0,0,7,83,1,4,206,24,206,86,25,0,0,78,0,0,0,74,0,0,81,2,36,1009,93,58,17,28,0,7,43,0,0,0,0,0,0,0,14,45,100,0,0,1,0,0,0,0,24,2,3,0,3,91,0,6,31,19,80,2,0,57,0,1,55,19,56,65,48,3,0,0,0,13,18,72,5,41,10,31,10,42,0,18,18,20,2,19,26,94,0,70,31,999,73,2,-31,0,0,243
45,2,0,2,0,25,Johnny,Mundt,61,94,0,0,10,79,3,4,207,24,207,69,23,2,1,86,0,0,0,69,0,0,71,2,63,1009,90,46,54,53,0,10,42,0,0,0,8,0,8,0,160,45,100,0,0,2,0,0,0,0,82,2,2,0,2,41,0,15,49,16,73,1,0,72,0,1,94,10,64,60,45,2,0,2,0,19,14,46,5,35,10,7,10,21,0,4,4,21,5,14,49,61,0,76,73,999,21,1,-31,0,0,53
45,2,0,2,0,32,Jake,McQuaide,204,83,0,63,9,81,0,4,208,24,208,78,30,1,0,76,0,0,0,69,0,0,70,2,63,1009,81,46,55,52,0,10,46,0,0,0,0,0,8,0,156,45,100,0,0,3,0,0,0,0,44,2,3,63,3,52,0,15,57,31,70,7,0,63,0,1,75,21,72,68,58,2,0,2,0,1,3,86,8,17,25,7,14,23,0,4,4,29,3,14,19,204,0,74,75,999,26,7,-31,0,0,54
45,4,0,4,0,57,Henry,Krieger-Coble,70,89,0,0,15,85,1,4,209,24,209,71,26,0,0,72,0,0,0,67,0,0,65,2,63,1009,89,40,61,63,1,9,67,0,0,0,9,0,9,0,89,45,100,0,0,2,0,0,0,0,87,0,2,0,2,88,0,15,58,41,70,2,0,72,0,1,92,15,74,73,50,0,0,0,0,6,24,88,3,56,20,11,10,48,0,4,4,16,27,7,25,70,0,76,87,999,36,2,-31,0,0,103
45,2,0,2,0,27,Temarrick,Hemingway,145,91,0,12,15,81,2,4,210,24,210,78,25,0,0,74,0,0,0,64,0,0,74,2,17,1009,86,33,58,56,0,8,59,0,0,0,8,0,8,0,179,45,100,0,0,2,0,0,0,0,84,0,4,12,4,1,0,6,49,31,84,2,0,67,0,1,91,19,68,68,54,0,0,0,0,11,14,68,24,13,18,11,16,64,0,4,4,12,2,5,48,145,0,77,89,999,22,2,-31,0,0,513
45,2,0,2,0,20,Tyler,Higbee,169,81,0,40,11,76,2,4,211,24,211,85,25,0,0,82,0,0,0,84,0,0,66,2,14,1009,88,45,45,50,0,10,53,0,0,0,7,0,0,0,245,45,100,0,0,2,0,0,0,0,89,1,4,40,4,55,0,4,43,41,70,2,0,69,0,1,97,20,70,73,51,0,0,2,0,4,17,56,3,24,17,7,23,24,1,4,4,19,28,15,38,169,0,78,96,999,18,2,-31,0,0,113
45,3,0,3,0,27,Gerald,Everett,351,90,0,188,13,80,0,4,212,24,212,79,24,2,0,78,0,0,0,68,0,0,74,2,12,1009,86,35,56,68,0,10,60,0,0,0,0,0,0,0,265,45,100,0,0,3,0,0,0,0,81,0,4,188,4,80,0,2,26,47,76,1,0,50,0,1,92,20,65,76,54,0,0,0,0,6,15,60,5,26,17,2,6,17,0,4,4,18,7,15,19,351,0,75,83,999,61,1,-31,0,0,34
45,4,0,4,0,32,Robert,Woods,2465,77,0,500,15,85,3,4,213,24,213,88,26,2,1,75,0,0,0,86,0,0,89,2,9,1009,85,34,16,39,0,0,65,0,0,0,0,0,0,0,231,15,100,0,0,4,0,0,0,0,17,0,5,500,5,68,0,2,65,45,82,5,0,69,0,1,94,10,65,75,48,3,0,3,0,2,12,94,7,15,11,6,6,7,1,3,3,10,13,6,10,2465,0,72,34,999,58,5,-31,0,0,354
45,2,0,2,0,15,Mike,Thomas,142,82,0,8,15,88,0,4,214,24,214,88,24,1,0,75,0,0,0,81,0,0,87,2,46,1009,90,31,28,34,0,1,61,0,0,0,1,0,1,0,194,45,100,0,0,2,0,0,0,0,88,2,4,8,4,26,0,6,31,41,81,2,0,72,0,1,92,19,54,73,55,0,0,4,0,3,6,76,11,12,8,17,10,23,0,3,3,41,11,6,11,142,0,73,29,999,59,2,-31,0,0,180
45,4,0,4,0,21,Josh,Reynolds,177,94,0,44,9,86,0,4,215,24,215,87,23,0,0,70,0,0,0,84,0,0,82,2,21,1009,92,26,26,33,0,8,63,0,0,0,0,0,9,0,215,15,100,0,0,3,0,0,0,0,83,2,4,44,4,61,0,4,53,39,81,1,0,66,0,1,90,15,48,72,53,0,0,0,0,5,8,70,5,16,0,4,6,44,1,3,3,25,2,25,9,177,0,75,34,999,58,1,-31,0,0,74
45,2,0,2,0,33,JoJo,Natson,24,93,0,0,10,91,0,4,216,24,216,90,24,2,1,74,0,0,0,88,0,0,88,2,63,1009,90,30,27,41,0,0,75,0,0,0,8,0,0,0,2,45,100,0,0,1,0,0,0,0,19,2,1,0,1,54,0,15,26,49,80,1,0,73,0,1,94,11,53,77,48,0,0,0,0,1,14,77,1,14,2,9,9,18,0,3,3,13,20,7,16,24,0,67,0,999,35,1,-31,0,0,429
45,0,0,0,0,18,Steven,Mitchell Jr,99,87,0,0,17,91,0,4,217,24,217,86,24,0,0,88,0,0,0,86,0,0,84,2,63,1009,91,32,39,32,0,1,67,0,0,0,8,0,8,0,231,45,100,0,0,3,0,0,0,0,86,0,3,0,3,51,0,15,47,49,85,0,0,74,0,1,96,18,65,77,55,0,0,4,0,4,13,39,1,38,14,2,7,2,0,3,3,37,8,9,11,99,0,70,26,999,41,0,-31,0,0,333
45,2,0,2,0,17,Cooper,Kupp,222,86,0,64,7,88,0,4,218,24,218,88,25,0,0,70,0,0,0,86,0,0,83,2,5,1009,94,29,29,39,0,1,63,0,0,0,0,0,9,0,59,45,100,0,0,3,0,0,0,0,18,0,4,64,4,52,0,3,39,45,85,1,0,73,0,1,58,32,58,75,50,0,0,4,0,0,9,42,0,16,9,7,2,20,0,3,3,21,2,10,9,222,0,74,47,999,63,1,-31,0,0,411
12,3,0,3,0,19,Brandin,Cooks,5872,83,0,822,10,92,0,4,219,24,219,90,24,0,0,77,0,0,0,76,0,0,91,2,20,1009,81,30,24,29,0,1,59,0,0,0,0,0,7,0,161,7,100,0,0,6,0,0,0,0,12,2,6,822,6,53,0,1,56,47,93,4,0,71,0,1,94,25,54,76,61,0,0,0,0,4,11,50,2,29,1,7,8,19,0,3,3,31,2,3,11,5872,0,70,23,999,46,4,-31,0,0,487
45,2,0,2,0,29,Pharoh,Cooper,168,89,0,0,10,88,0,4,220,24,220,87,23,0,0,75,0,0,0,79,0,0,88,2,21,1009,77,27,34,24,0,8,60,0,0,0,7,0,0,0,176,45,100,0,0,2,0,0,0,0,10,2,4,0,4,90,0,4,56,39,81,2,0,75,0,1,99,22,68,72,49,0,0,0,0,1,10,90,4,38,5,26,4,32,0,3,3,8,1,3,11,168,0,71,48,999,59,2,-31,0,0,22
45,0,0,0,0,44,Joey,Hunt,27,82,0,0,25,79,0,4,221,28,221,59,24,0,1,90,0,1,1,37,0,0,70,2,55,1009,88,35,74,72,0,3,17,0,0,0,7,0,7,0,207,45,100,0,0,1,0,0,0,0,53,2,1,0,1,94,0,6,28,19,37,2,0,23,0,1,85,28,77,62,45,5,0,5,0,10,19,60,17,33,25,11,41,19,0,7,7,21,27,49,21,27,0,74,139,999,18,2,-31,0,0,407
45,1,0,1,0,30,Marcus,Henry,21,84,0,0,28,69,1,4,222,28,222,80,25,0,0,83,0,2,2,38,0,0,61,2,63,1009,90,40,76,69,0,2,14,0,0,0,0,0,0,0,19,45,100,0,0,1,2,0,0,0,61,1,1,0,1,18,0,15,53,23,61,2,0,29,0,1,89,22,76,64,53,4,0,4,0,13,14,41,10,32,24,11,49,34,0,7,7,19,43,18,23,21,0,74,143,999,20,2,-31,0,0,424
45,1,0,1,0,37,Justin,Britt,1958,84,0,296,18,66,1,4,223,28,223,68,27,0,0,84,0,1,1,61,0,0,71,2,32,1009,86,39,73,74,0,3,13,0,0,0,0,0,0,0,122,45,100,2,0,3,0,0,0,0,68,2,4,296,4,76,0,2,38,27,74,4,0,40,0,1,98,28,83,66,54,0,0,0,0,18,19,58,20,43,35,21,19,72,0,7,7,8,23,17,18,1958,0,78,155,999,10,4,-31,0,0,392
45,4,0,4,0,34,Neiko,Thorpe,203,90,0,40,16,91,1,4,224,28,224,92,28,0,0,85,0,0,0,45,0,0,87,2,63,1009,89,65,21,26,0,8,26,0,0,0,1,0,1,0,14,45,100,0,0,1,2,0,1,0,23,2,2,40,2,41,0,15,27,17,88,6,0,69,0,1,83,10,65,64,40,2,0,2,0,3,6,80,1,17,5,19,3,50,0,16,16,32,4,5,40,203,0,74,44,999,49,6,-31,0,0,297
45,3,0,3,0,48,Byron,Maxwell,116,86,0,32,12,87,0,4,225,28,225,86,30,0,0,92,0,0,0,73,0,0,85,2,13,1009,90,56,15,29,0,11,69,0,0,0,1,0,1,0,38,45,100,0,0,1,4,0,0,0,41,2,1,32,1,64,0,6,28,30,85,7,0,41,0,1,99,11,55,70,50,0,0,2,0,4,18,83,5,21,4,14,11,45,1,16,16,20,3,6,12,116,0,73,45,999,51,7,-31,0,0,251
45,3,0,3,0,32,Shaquill,Griffin,189,84,0,52,34,87,0,4,226,28,226,87,23,0,1,90,0,0,0,56,0,0,84,2,26,1009,84,43,24,38,0,0,37,0,0,0,0,0,7,0,225,45,100,0,0,3,0,0,0,0,26,2,4,52,4,92,0,3,26,21,87,1,0,42,0,1,94,22,71,66,55,0,0,0,0,6,25,84,2,22,5,26,25,18,0,16,16,21,5,10,38,189,0,73,38,999,54,1,-31,0,0,166
45,4,0,4,0,56,Justin,Coleman,169,91,0,0,11,85,0,4,227,28,227,90,25,0,0,68,0,0,0,65,0,0,81,2,63,1009,96,55,32,20,0,1,52,0,0,0,0,0,0,0,211,45,100,0,0,1,0,0,0,0,28,2,1,0,1,56,0,15,49,28,83,3,0,45,0,1,51,23,61,69,53,2,0,0,0,4,9,45,15,20,7,18,17,14,0,16,16,32,2,5,8,169,0,71,30,999,37,3,-31,0,0,477
45,2,0,2,0,20,Dontae,Johnson,75,93,0,23,13,93,0,4,228,28,228,90,26,0,0,84,0,0,0,54,0,0,80,2,33,1009,84,46,26,33,0,1,52,0,0,0,0,0,0,0,138,45,100,1,0,1,0,0,0,0,39,2,1,23,1,32,0,4,30,17,92,4,0,72,0,1,51,14,59,64,45,2,0,2,0,12,16,86,9,31,5,22,7,19,0,16,16,24,7,22,8,75,0,74,40,999,55,4,-31,0,0,297
45,4,0,4,0,15,Shamar,Stephen,122,70,0,65,12,76,0,4,229,28,229,69,27,0,0,85,0,1,1,25,0,0,80,2,28,1009,92,69,46,50,0,3,24,0,0,0,0,0,0,0,227,45,100,0,0,1,2,0,0,0,98,2,1,65,1,80,0,7,13,38,73,4,0,28,0,1,92,31,86,73,54,6,0,6,0,14,18,58,12,30,41,15,41,60,0,12,12,21,26,23,20,122,0,77,150,999,11,4,-31,0,0,116
45,0,0,0,0,47,Jarran,Reed,284,78,0,144,24,82,0,4,230,28,230,72,25,0,0,90,0,1,1,21,0,0,62,2,17,1009,84,67,47,45,0,10,15,0,0,0,0,0,0,0,3,45,100,4,0,2,2,0,0,0,90,2,4,144,4,0,0,2,17,26,73,2,0,39,0,1,93,21,80,67,50,5,0,5,0,18,24,53,16,32,32,14,14,66,0,12,12,17,26,40,21,284,0,75,148,999,18,2,-31,0,0,49
45,0,0,0,0,17,Nazair,Jones,184,76,0,48,17,78,1,4,231,28,231,76,23,0,0,86,0,2,2,30,0,0,63,2,38,1009,89,71,47,53,0,12,26,0,0,0,9,0,9,0,135,45,100,0,0,3,4,0,0,0,92,2,4,48,4,25,0,3,43,45,71,1,0,29,0,1,84,23,82,76,65,4,0,0,0,12,20,64,28,30,28,26,18,38,0,12,12,29,22,19,21,184,0,77,138,999,17,1,-31,0,0,182
45,3,0,3,0,10,Tom,Johnson,122,80,0,58,21,79,0,4,232,28,232,63,33,1,1,88,0,2,2,21,1,0,56,2,63,1009,96,74,49,45,0,10,15,0,0,0,9,0,9,0,194,45,100,0,0,1,0,0,0,0,91,2,1,58,1,88,0,15,21,26,85,12,0,28,0,1,98,29,75,67,55,6,0,6,0,13,19,79,31,16,22,16,29,19,0,12,12,11,24,20,20,122,0,75,127,999,14,12,-31,0,0,134
45,0,0,0,0,24,Tre,Madden,94,85,0,0,10,81,0,4,233,28,233,74,25,0,0,72,0,0,0,60,0,0,68,2,63,1009,82,74,47,50,0,10,64,0,0,0,0,0,8,0,231,45,100,0,0,1,2,0,0,0,38,2,3,0,3,40,0,15,30,22,67,2,0,72,0,1,65,23,74,66,47,4,0,4,0,9,14,70,4,51,14,13,9,24,0,2,2,30,8,8,17,94,0,72,69,999,25,2,-31,0,0,450
45,4,0,4,0,18,Bradley,McDougald,979,88,0,276,16,88,1,4,234,28,234,83,27,0,0,83,0,0,0,46,0,0,79,2,63,1009,91,59,31,42,0,7,45,0,0,0,1,0,1,0,95,45,100,0,0,3,2,0,0,0,30,2,3,276,3,56,0,15,17,18,77,5,0,57,0,1,91,40,55,63,58,0,0,0,0,3,6,89,4,26,9,1,22,46,2,17,17,17,0,5,21,979,0,73,52,999,25,5,-31,0,0,154
45,2,0,2,0,65,C.J.,Prosise,181,92,0,48,7,89,0,4,235,28,235,84,24,0,0,67,0,0,0,71,0,0,90,2,26,1009,84,25,33,28,0,8,60,0,0,0,0,0,0,0,152,45,100,0,0,2,2,0,0,0,22,2,4,48,4,89,0,3,37,31,75,2,0,81,0,1,70,10,73,67,50,2,0,2,0,1,17,52,12,13,10,37,9,54,1,1,1,17,2,6,36,181,0,73,63,999,20,2,-31,0,0,335
45,7,0,7,0,24,Rashaad,Penny,780,86,0,472,8,87,2,3,236,28,236,82,22,0,1,78,0,0,0,72,0,0,80,2,27,1009,87,23,30,24,0,7,74,0,0,0,0,0,0,0,180,12,100,0,0,4,0,0,1,0,20,2,4,472,4,30,0,1,29,23,73,0,0,76,2,1,77,22,66,63,49,6,0,6,0,8,14,54,4,27,8,13,5,42,0,1,1,24,11,5,11,780,0,71,60,999,64,0,-31,0,0,91
45,2,0,2,0,21,J.D.,McKissic,27,82,0,0,13,90,1,4,237,28,237,88,25,0,1,76,0,0,0,67,0,0,82,2,63,1009,83,22,29,27,0,0,65,0,0,0,0,0,0,0,12,45,100,6,0,1,0,0,0,0,21,2,1,0,1,65,0,15,43,35,81,2,0,88,0,1,91,13,48,69,64,3,0,3,0,1,8,74,8,21,10,11,4,22,2,1,1,20,4,6,17,27,0,70,31,999,49,2,-31,0,0,35
45,0,0,0,0,24,Mike,Davis,78,85,0,23,8,89,1,4,238,28,238,89,25,0,1,71,0,0,0,59,0,0,85,2,30,1009,91,34,32,29,0,8,82,0,0,0,2,0,2,0,176,45,100,0,0,1,0,0,0,0,27,2,1,23,1,63,0,4,20,29,72,3,0,75,0,1,61,22,68,66,51,0,0,0,0,4,35,38,3,23,16,18,3,49,1,1,1,10,0,21,29,78,0,69,57,999,67,3,-31,0,0,206
45,3,0,3,0,24,Chris,Carson,143,88,0,8,23,89,0,4,239,28,239,83,23,0,0,74,0,0,0,68,0,0,87,2,57,1009,76,31,31,26,0,0,73,0,0,0,0,0,0,0,158,45,100,0,0,3,0,0,0,0,32,2,4,8,4,8,0,7,30,27,79,1,0,75,0,1,96,20,60,65,50,4,0,4,0,0,7,71,10,10,8,16,12,6,0,1,1,31,18,9,14,143,0,72,60,999,29,1,-31,0,0,491
45,0,0,0,0,40,Sebastian,Janikowski,117,90,0,39,83,82,0,4,240,28,240,62,40,0,0,52,0,0,0,23,0,0,58,2,17,1009,90,28,20,15,0,0,17,0,0,0,0,0,0,0,64,45,100,0,0,1,0,0,1,0,11,0,1,39,1,81,0,1,47,38,34,18,0,34,0,1,94,92,53,74,51,3,0,3,0,4,7,93,5,8,20,10,15,24,0,19,19,33,19,2,8,117,0,73,101,999,14,18,-31,0,0,510
45,2,0,2,0,38,Branden,Jackson,27,85,0,0,21,81,0,4,241,28,241,86,25,0,0,92,0,0,0,26,0,0,75,2,63,1009,79,66,47,49,0,12,21,0,0,0,0,0,0,0,217,45,100,3,0,1,4,0,0,0,93,2,1,0,1,77,0,15,29,51,81,2,0,38,0,1,93,21,78,78,46,5,0,5,0,10,15,54,5,36,20,6,24,34,0,10,10,19,5,15,23,27,0,76,135,999,25,2,-31,0,0,245
45,0,0,0,0,48,Frank,Clark,216,87,0,64,23,78,1,4,242,28,242,73,25,0,0,72,0,0,0,62,0,0,64,2,31,1009,88,73,54,51,0,8,28,0,0,0,0,0,0,0,117,45,100,0,0,1,0,0,0,0,55,2,4,64,4,68,0,2,41,45,76,3,0,35,0,1,81,20,80,75,49,6,0,6,0,12,19,53,10,18,19,16,23,61,0,10,10,30,7,13,20,216,0,75,103,999,24,3,-31,0,0,68
45,2,0,2,0,10,Quinton,Jefferson,27,76,0,0,18,80,0,4,243,28,243,65,25,0,0,81,0,1,1,33,0,1,58,2,19,1009,78,77,50,49,0,8,24,0,0,0,7,0,0,0,111,45,100,0,0,1,2,0,0,0,99,2,1,0,1,95,0,5,15,35,67,2,0,23,0,1,88,25,71,70,42,3,0,3,0,12,14,28,11,23,40,35,17,21,0,10,10,18,14,30,21,27,0,76,131,999,28,2,-31,0,0,118
45,1,0,1,0,20,Jordan,Roos,98,83,0,3,24,81,0,4,244,28,244,66,25,1,0,90,0,0,0,17,0,0,55,2,63,1009,86,32,69,89,0,2,23,0,0,0,0,0,0,0,169,24,100,0,0,2,0,0,0,0,64,0,3,3,3,25,0,15,25,45,41,1,0,35,0,1,96,35,83,75,58,0,0,0,0,15,28,36,13,28,17,16,47,66,0,6,6,21,16,19,21,98,0,75,142,999,18,1,-31,0,0,118
45,0,0,0,0,12,Ethan,Pocic,256,82,0,124,28,75,2,4,245,28,245,68,23,0,0,87,0,1,1,30,0,0,50,2,26,1009,97,43,69,68,0,8,22,0,0,0,2,0,2,0,106,45,100,0,0,3,0,0,0,0,77,2,4,124,4,94,0,2,28,18,62,1,0,24,0,1,96,19,85,61,48,6,0,6,0,16,21,52,17,10,28,23,34,10,0,6,6,11,25,26,21,256,0,78,159,999,17,1,-31,0,0,68
45,0,0,0,0,33,Erik,Walden,59,88,0,0,25,85,1,4,246,28,246,80,33,0,0,63,0,0,0,68,0,0,77,2,1,1009,76,73,36,38,0,11,42,0,0,0,0,0,0,0,119,45,100,0,0,1,4,0,0,0,93,2,1,0,1,98,0,6,22,41,80,10,0,41,0,1,96,27,90,74,49,0,0,0,0,12,15,58,5,43,4,30,21,51,0,13,13,15,8,15,24,59,0,74,90,999,19,10,-31,0,0,67
28,1,0,1,0,17,Barkevious,Mingo,394,92,0,160,25,79,0,4,247,28,247,80,27,0,0,68,0,0,0,39,0,0,72,2,6,1009,88,85,45,37,0,2,24,0,0,0,9,0,0,0,106,4,100,0,0,2,0,0,0,0,51,2,2,160,2,85,0,1,42,30,81,5,0,40,0,1,90,25,62,69,55,7,0,0,0,4,8,61,17,25,39,25,18,14,0,13,13,15,5,22,23,394,0,77,78,999,20,5,-31,0,0,146
45,2,0,2,0,15,Jacob,Martin,152,85,0,12,18,84,2,4,248,28,248,72,22,0,0,70,0,0,0,65,1,1,72,2,26,1009,76,66,45,41,0,8,26,0,0,0,8,0,8,0,208,45,100,0,0,4,0,0,0,0,59,2,4,12,4,98,0,6,49,22,78,0,0,42,0,1,95,29,77,65,54,7,0,7,0,7,30,40,6,27,29,26,33,23,0,13,13,19,13,8,41,152,0,75,76,999,20,0,-31,0,0,428
45,0,0,0,0,40,Josh,Forrest,27,78,0,0,15,83,1,4,249,28,249,80,26,1,0,87,0,0,0,62,0,0,72,2,30,1009,87,75,50,43,0,8,31,0,0,0,9,0,9,0,98,45,100,0,0,1,2,0,0,0,47,2,1,0,1,69,0,6,34,34,80,2,0,43,0,1,87,22,75,71,55,0,0,0,0,2,15,74,6,32,5,21,23,58,0,13,13,29,2,3,23,27,0,75,85,999,16,2,-31,0,0,284
45,0,0,0,0,40,D.J.,Alexander,143,82,0,12,24,83,1,4,250,28,250,76,26,0,1,86,0,0,3,66,0,0,80,2,44,1009,84,72,50,41,0,8,32,0,0,0,0,0,0,0,161,45,100,0,0,1,0,0,0,0,57,2,4,12,4,10,0,5,49,32,73,3,0,45,0,1,93,27,69,70,56,0,0,0,0,4,29,70,4,25,14,16,10,19,0,13,13,19,3,16,25,143,0,74,73,999,22,3,-31,0,0,215
45,0,0,0,0,25,Isaiah,Battle,30,88,0,0,25,75,0,4,251,28,251,65,25,0,0,86,0,1,1,27,0,0,51,2,63,1009,90,40,83,81,0,2,28,0,0,0,0,0,0,0,38,45,100,0,0,1,0,0,0,0,79,2,1,0,1,73,0,15,38,31,37,3,0,23,0,1,98,24,79,68,57,0,0,0,0,15,16,59,17,27,18,14,11,43,0,5,5,43,30,24,19,30,0,79,150,999,12,3,-31,0,0,277
45,1,0,1,0,17,Duane,Brown,2501,93,0,572,34,79,1,4,252,28,252,64,32,0,0,90,0,0,0,39,0,1,58,2,26,1009,89,31,69,75,0,12,21,0,0,0,0,0,0,0,241,12,100,6,0,4,4,0,0,0,76,2,4,572,4,75,0,1,24,19,71,10,0,52,0,1,94,27,86,62,56,6,0,0,0,11,18,56,19,34,20,17,18,62,0,5,5,14,43,20,19,2501,0,76,155,999,14,10,-31,0,0,303
45,0,0,0,0,12,Jamarco,Jones,157,79,0,16,19,77,0,4,253,28,253,68,22,0,1,66,0,2,2,32,0,0,60,2,40,1009,88,40,85,71,1,2,15,0,0,0,2,0,2,0,156,45,100,0,0,4,0,0,0,0,73,1,4,16,4,95,0,5,24,31,56,0,0,22,0,1,51,19,83,68,58,5,0,5,0,20,29,78,27,11,45,14,23,19,0,5,5,23,29,22,20,157,0,76,133,999,24,0,-31,0,0,507
45,1,0,1,0,44,Bobby,Wagner,3118,86,0,450,25,84,1,4,254,28,254,82,28,0,0,68,0,0,0,59,0,0,74,2,15,1009,88,76,53,48,0,10,47,0,0,0,7,0,7,0,234,45,100,0,0,2,0,0,0,0,54,2,5,450,5,53,0,2,12,15,79,6,0,41,0,1,90,23,68,59,50,6,0,6,0,2,8,77,6,28,6,17,13,41,0,14,14,17,2,6,20,3118,0,72,85,999,15,6,-31,0,0,340
45,0,0,0,0,43,Michael,Dickson,160,90,0,20,82,64,0,4,255,28,255,67,22,0,0,53,0,0,0,30,0,0,62,2,21,1009,88,19,14,13,0,0,17,0,0,0,8,0,8,0,214,45,100,0,0,4,2,0,0,0,4,2,4,20,4,49,0,5,33,15,68,0,0,32,0,1,90,84,48,63,52,0,0,0,0,3,6,84,2,18,22,5,13,21,0,20,20,13,2,11,6,160,0,75,52,999,13,0,-31,0,0,499
45,0,0,0,0,76,Russell,Wilson,6351,82,0,1270,11,78,0,4,256,28,256,67,29,0,0,86,0,0,0,56,0,0,73,2,11,1009,85,21,14,11,0,11,31,0,0,0,0,0,0,0,258,45,100,0,0,2,4,0,0,0,3,0,5,1270,5,81,0,3,87,42,52,6,0,48,0,1,93,23,66,69,61,1,0,3,0,1,8,69,12,8,6,11,14,10,0,0,0,39,16,13,20,6351,0,71,55,999,13,6,-31,0,0,214
45,6,0,0,0,76,Austin,Davis,38,87,0,7,36,82,0,4,257,28,257,75,29,0,0,85,0,0,0,34,0,0,81,2,63,1009,86,36,14,24,0,11,51,0,0,0,0,0,8,0,194,45,100,0,0,1,4,0,0,0,6,2,1,7,1,34,0,15,86,44,70,6,0,58,0,1,94,16,58,70,55,1,0,0,0,3,5,75,0,23,11,9,6,7,0,0,0,40,19,3,9,38,0,74,61,999,13,6,-31,0,0,159
12,0,0,0,0,35,Dion,Jordan,111,74,0,0,14,72,0,4,258,28,258,71,28,0,0,86,0,0,0,28,0,0,58,2,3,1009,84,71,59,47,0,10,48,0,0,0,0,0,0,0,160,4,100,0,0,1,0,0,0,0,95,2,1,0,1,28,0,1,20,25,74,5,0,52,0,1,55,29,67,65,47,6,0,6,0,9,13,60,24,48,21,10,20,67,1,11,11,20,15,17,20,111,0,78,118,999,26,5,-31,0,0,388
45,2,0,2,0,46,Rasheem,Green,207,89,0,60,18,73,0,4,259,28,259,75,21,0,0,72,0,0,0,45,0,0,61,2,15,1009,86,73,44,63,0,3,17,0,0,0,2,0,2,0,231,45,100,0,0,4,0,0,0,0,94,2,4,60,4,56,0,3,26,45,72,0,0,26,0,1,98,23,82,75,51,0,0,0,0,7,17,55,10,63,21,15,25,27,0,11,11,17,11,24,42,207,0,77,120,999,16,0,-31,0,0,511
45,0,0,0,0,14,J.R.,Sweezy,87,88,0,8,31,84,0,4,260,28,260,59,29,0,0,67,0,3,3,43,0,0,64,2,33,1009,93,50,68,67,1,3,24,0,0,0,0,0,0,0,138,45,100,3,0,1,0,0,0,0,73,2,1,8,1,96,0,7,15,19,70,6,0,33,0,1,79,36,85,62,50,5,0,5,0,17,20,49,19,30,19,17,24,25,0,8,8,29,22,46,44,87,0,77,138,999,20,6,-31,0,0,479
45,0,0,0,0,25,Rees,Odhiambo,176,83,0,44,13,72,0,4,261,28,261,55,25,0,0,86,0,0,0,32,0,0,62,2,33,1009,91,41,67,71,0,3,23,0,0,0,0,0,0,0,19,45,100,0,0,2,0,0,0,0,70,2,4,44,4,1,0,3,16,15,70,2,0,53,0,1,93,20,81,58,47,6,0,0,0,13,19,59,32,24,31,15,30,57,0,8,8,30,19,26,30,176,0,76,155,999,25,2,-31,0,0,192
12,0,0,0,0,15,D.J.,Fluker,87,74,0,20,21,68,0,4,262,28,262,54,27,0,0,75,0,1,1,47,0,0,55,2,11,1009,93,48,75,69,0,10,20,0,0,0,0,0,0,0,3,4,100,0,0,1,0,0,0,0,78,2,1,20,1,59,0,1,34,15,60,5,0,27,0,1,91,28,78,58,50,0,0,0,0,15,20,62,29,37,29,35,33,21,0,8,8,7,17,24,31,87,0,77,181,999,14,5,-31,0,0,26
45,3,0,3,0,42,Jacob,Pugh,99,80,0,0,30,83,0,4,263,28,263,73,22,1,0,78,0,0,0,37,0,1,76,2,63,1009,74,69,37,44,1,9,35,0,0,0,0,0,8,0,64,45,100,0,0,3,0,0,0,0,52,2,3,0,3,0,0,15,31,16,84,0,0,28,0,1,73,20,74,62,52,0,0,0,0,2,16,61,6,32,21,34,35,55,0,15,15,39,6,16,19,99,0,76,79,999,19,0,-31,0,0,201
45,0,0,0,0,51,Shaquem,Griffin,161,88,0,24,25,85,0,4,264,28,264,81,23,0,0,80,0,0,0,43,0,0,71,2,13,1009,80,72,51,53,0,8,25,0,0,0,8,0,0,0,225,45,100,0,0,4,2,0,0,0,49,2,4,24,4,85,0,5,20,28,76,0,0,34,0,1,70,24,69,68,61,0,0,0,0,2,16,39,10,62,11,16,26,56,0,15,15,14,2,14,23,161,0,73,67,999,16,0,-31,0,0,382
45,0,0,0,0,18,K.J.,Wright,1958,86,0,440,17,83,0,4,265,28,265,76,29,0,0,90,0,2,0,51,1,0,75,2,3,1009,92,69,44,39,0,8,51,0,0,0,9,0,0,0,121,45,100,0,0,1,0,0,0,0,50,2,5,440,5,44,0,4,59,26,73,7,0,40,0,1,88,20,85,67,52,2,0,0,0,17,13,65,1,16,14,16,8,40,0,15,15,19,5,21,49,1958,0,76,86,999,22,7,-31,0,0,415
45,0,0,0,0,10,Germain,Ifedi,479,81,0,336,13,78,0,4,266,28,266,67,24,0,0,90,0,0,0,46,0,0,52,2,31,1009,89,31,72,75,0,8,20,0,0,0,0,0,0,0,215,12,100,0,0,2,0,0,0,0,65,2,4,336,4,73,0,1,31,23,64,2,0,50,0,1,85,40,87,64,58,0,0,0,0,10,22,67,22,20,40,16,30,43,0,9,9,32,41,28,21,479,0,77,165,999,22,2,-31,0,0,105
45,0,0,0,0,16,George,Fant,95,82,0,3,17,71,0,4,267,28,267,64,26,0,0,89,0,0,0,24,1,0,50,2,63,1009,84,36,70,69,0,2,20,0,0,0,2,0,2,0,245,45,100,0,0,1,0,0,0,0,74,2,3,3,3,15,0,15,25,15,57,2,0,24,0,1,95,16,81,56,51,3,0,3,0,17,14,62,22,11,25,19,38,30,0,9,9,22,32,24,35,95,0,77,162,999,20,2,-31,0,0,426
45,1,0,1,0,18,Willie,Beavers,24,83,0,0,14,72,0,4,268,28,268,59,24,0,0,96,0,0,0,29,0,0,62,2,25,1009,80,36,71,87,0,3,20,0,0,0,2,0,2,0,246,24,100,0,0,1,0,0,0,0,66,0,1,0,1,56,0,4,21,29,55,2,0,32,0,1,96,33,79,67,63,2,0,2,0,14,25,60,33,41,42,13,25,53,0,9,9,42,19,20,43,24,0,77,163,999,15,2,-31,0,0,300
45,0,0,0,0,55,Mike,Tyson,59,92,0,0,18,87,2,4,269,28,269,82,25,1,1,70,0,0,0,48,0,0,83,2,27,1009,87,62,29,33,0,8,37,0,0,0,0,0,8,0,36,45,100,0,0,1,0,0,0,0,24,2,2,0,2,8,0,6,24,15,82,1,0,55,0,1,92,13,70,63,52,3,0,3,0,4,16,83,5,22,7,14,9,16,0,18,18,15,5,11,13,59,0,73,47,999,46,1,-31,0,0,213
45,4,0,4,0,15,Tedric,Thompson,178,92,0,44,9,88,0,4,270,28,270,82,23,2,1,73,0,0,0,48,0,0,89,2,15,1009,75,63,37,33,0,1,42,0,0,0,1,0,1,0,41,45,100,0,0,3,0,0,0,0,33,2,4,44,4,75,0,4,53,15,84,1,0,64,0,1,90,20,56,61,51,3,0,0,0,3,29,79,5,19,12,34,10,21,0,18,18,43,0,6,13,178,0,73,44,999,46,1,-31,0,0,421
45,2,0,2,0,20,Delano,Hill,186,94,0,48,9,85,0,4,271,28,271,83,22,0,0,70,0,0,0,69,0,0,83,2,31,1009,84,61,24,35,0,8,43,0,0,0,0,0,9,0,117,45,100,0,0,3,0,0,0,0,42,2,4,48,4,94,0,3,66,21,79,1,0,57,0,1,99,11,56,66,52,0,0,0,0,5,16,40,14,21,28,22,12,39,0,18,18,32,18,5,13,186,0,73,56,999,61,1,-31,0,0,480
45,3,0,3,0,23,Kam,Chancellor,2610,89,0,520,21,90,0,4,272,28,272,85,30,0,0,75,0,0,0,44,0,0,81,2,5,1009,93,57,42,38,0,8,47,0,0,0,1,0,1,0,241,45,100,0,0,3,0,0,0,0,31,2,4,520,4,82,0,5,22,15,94,8,0,64,0,1,99,10,59,60,52,0,0,0,0,6,5,83,7,9,25,7,4,43,0,18,18,12,14,16,15,2610,0,75,65,999,44,8,-31,0,0,137
45,5,0,5,0,20,Tre,Flowers,160,87,0,20,6,88,0,4,273,28,273,89,23,1,1,79,0,0,0,61,0,0,81,2,18,1009,77,64,18,33,0,0,41,0,0,0,0,0,0,0,158,45,100,0,0,4,0,0,0,0,37,2,4,20,4,70,0,5,54,25,81,0,0,61,0,1,97,15,51,68,55,3,0,0,0,7,14,65,8,43,8,22,10,38,1,18,18,30,0,11,17,160,0,75,42,999,30,0,-31,0,0,202
45,6,0,6,0,41,Maurice,Alexander,38,87,0,7,9,87,0,4,274,28,274,88,27,0,1,77,0,0,0,51,0,0,81,2,14,1009,94,59,24,29,0,7,57,0,0,0,0,0,0,0,234,45,100,0,0,1,0,0,0,0,35,2,1,7,1,69,0,4,31,15,83,4,0,60,0,1,90,24,68,61,45,0,0,0,0,6,15,71,16,21,10,0,20,28,0,18,18,18,13,1,18,38,0,74,61,999,51,4,-31,0,0,28
45,3,0,3,0,60,Nick,Vannett,177,84,0,44,17,76,0,4,275,28,275,75,25,0,0,85,0,0,0,66,0,0,64,2,30,1009,91,35,57,49,0,1,58,0,0,0,1,0,1,0,156,45,100,0,0,2,0,0,0,0,81,2,4,44,4,74,0,3,36,21,69,2,0,71,0,1,92,19,69,63,54,0,0,0,0,6,24,37,9,25,36,5,16,20,1,4,4,31,9,35,19,177,0,78,99,999,31,2,-31,0,0,210
45,2,0,2,0,45,Tyler,Ott,27,82,0,0,15,80,0,4,276,28,276,76,26,0,0,85,0,1,0,70,0,0,80,2,63,1009,89,35,55,60,0,2,59,0,0,0,7,0,0,0,75,45,100,0,0,1,0,0,0,0,69,0,1,0,1,58,0,15,25,45,66,4,0,63,0,1,92,18,73,75,57,0,0,0,0,4,15,90,5,47,14,13,28,30,0,4,4,33,5,17,11,27,0,75,93,999,59,4,-31,0,0,239
45,2,0,2,0,46,Will,Dissly,180,84,0,44,13,79,0,4,277,28,277,73,22,0,0,82,0,0,0,62,0,0,77,2,24,1009,94,43,55,51,0,8,66,0,0,0,8,0,0,0,252,45,100,0,0,4,0,0,0,0,88,0,4,44,4,83,0,4,26,18,77,0,0,71,0,1,90,12,67,61,47,0,0,2,0,11,2,66,4,14,10,22,14,31,0,4,4,35,4,13,18,180,0,76,106,999,24,0,-31,0,0,388
45,2,0,2,0,29,Ed,Dickson,776,89,0,180,16,74,3,4,278,28,278,85,31,0,1,84,0,0,0,76,0,0,65,2,6,1009,95,48,49,54,0,8,47,0,0,0,9,0,9,0,160,45,100,0,0,3,2,0,0,0,84,1,3,180,3,0,0,3,36,39,85,8,0,73,0,1,78,14,72,72,54,0,0,2,0,8,21,46,12,24,13,12,22,16,1,4,4,27,4,16,45,776,0,76,93,999,53,8,-31,0,0,470
45,4,0,4,0,57,Kyle,Carter,97,90,0,0,28,79,1,4,279,28,279,79,25,0,1,78,0,0,0,65,0,0,66,2,63,1009,77,47,56,60,0,11,62,0,0,0,9,0,9,0,164,45,100,0,0,2,4,0,0,0,86,0,3,0,3,73,0,15,27,33,77,2,0,68,0,1,80,25,66,69,54,0,0,0,0,3,10,59,5,26,18,11,17,21,1,4,4,19,13,17,22,97,0,75,85,999,53,2,-31,0,0,177
45,0,0,0,0,15,Tanner,McEvoy,94,90,0,0,21,89,0,4,280,28,280,89,25,2,0,88,0,0,0,83,0,0,90,2,63,1009,79,35,33,38,0,1,64,0,0,0,1,0,1,0,258,15,100,0,0,1,0,0,0,0,19,2,3,0,3,75,0,15,43,49,92,2,0,66,0,1,99,19,61,77,50,4,0,0,0,0,11,80,0,20,0,18,4,17,0,3,3,22,1,7,10,94,0,78,70,999,84,2,-31,0,0,328
45,4,0,4,0,58,David,Moore,59,83,0,0,14,89,0,4,281,28,281,91,23,0,0,69,0,0,0,77,0,0,88,2,34,1009,79,39,16,32,0,7,61,0,0,0,0,0,0,0,265,45,100,0,0,1,0,0,0,0,83,1,2,0,2,92,0,7,26,39,86,1,0,70,0,1,94,15,57,72,47,3,0,0,0,5,17,46,2,38,8,12,8,21,1,3,3,28,0,3,9,59,0,72,55,999,72,1,-31,0,0,295
45,2,0,2,0,25,Tyler,Lockett,192,94,0,52,7,89,0,4,282,28,282,85,25,1,0,77,0,0,0,81,0,0,90,2,5,1009,87,32,36,29,0,0,57,0,0,0,0,0,8,0,96,45,100,0,0,1,0,0,0,0,16,2,4,52,4,89,0,3,34,41,82,3,0,73,0,1,94,10,49,73,56,0,0,0,0,2,6,64,3,5,5,3,10,37,1,3,3,22,6,2,11,192,0,70,22,999,34,3,-31,0,0,407
45,3,0,3,0,37,Amara,Darboh,184,84,0,48,30,85,0,4,283,28,283,85,24,2,1,73,0,0,0,78,0,0,82,2,42,1009,94,27,20,28,0,8,51,0,0,0,0,0,0,0,117,15,100,1,0,3,0,0,0,0,82,2,4,48,4,67,0,3,54,33,90,1,0,62,0,1,98,17,65,69,46,0,0,0,0,1,6,78,0,12,10,2,6,23,0,3,3,18,1,8,11,184,0,74,56,999,60,1,-31,0,0,111
45,2,0,2,0,24,Doug,Baldwin,3335,87,0,480,6,87,3,4,284,28,284,86,29,0,0,80,0,0,0,85,0,0,85,2,63,1009,82,37,28,42,0,1,62,0,0,0,0,0,7,0,200,45,100,0,0,3,0,0,0,0,89,0,5,480,5,66,0,15,31,43,84,7,0,70,0,1,93,19,62,74,50,0,0,4,0,1,3,94,4,19,9,3,9,20,2,3,3,19,7,11,11,3335,0,70,32,999,88,7,-31,0,0,116
45,2,0,2,0,35,Jaron,Brown,319,94,0,138,11,92,1,4,285,28,285,89,28,0,0,90,0,0,0,79,0,0,88,2,63,1009,87,28,36,30,0,8,60,0,0,0,0,0,0,0,38,15,100,0,0,2,0,0,0,0,18,2,2,138,2,67,0,15,57,43,79,5,0,67,0,1,84,16,55,74,57,2,0,2,0,2,0,86,0,20,4,10,5,34,0,3,3,17,0,9,13,319,0,75,45,999,79,5,-31,0,0,12
45,4,0,4,0,37,Marcus,Johnson,59,81,0,0,9,85,0,4,286,28,286,86,24,2,1,86,0,0,0,87,0,0,86,2,63,1009,88,23,30,40,0,7,67,0,0,0,1,0,1,0,214,15,100,0,0,1,0,0,0,0,14,0,2,0,2,53,0,15,65,45,84,2,0,65,0,1,66,22,60,75,48,0,0,0,0,6,15,99,1,13,5,5,5,17,0,3,3,36,2,11,38,59,0,73,44,999,45,2,-31,0,0,441
45,4,0,4,0,26,Brandon,Marshall,64,94,0,7,14,93,0,4,287,28,287,90,34,1,1,93,0,0,0,77,0,0,89,2,24,1009,76,20,33,33,0,11,58,0,0,0,8,0,0,0,225,15,100,0,0,1,4,0,0,0,15,2,1,7,1,72,0,4,39,39,81,12,0,69,0,1,91,27,49,72,50,0,0,3,0,10,30,86,1,32,2,13,6,42,0,3,3,14,0,9,13,64,0,77,71,999,32,12,-31,0,0,149
